0,1,2,3,4,5,6,7,8,9,10,11,12,13,14,15,16,17,18,19,20,21,22,23,24,25,26,27,28,29,30,31,32,33,34,35,36,37,38,39,40,41,42,43,44,45,46,47,48
"UNITED
NATIONS E",Economic and Social,Council E/CN.4/1999/L.9,14 April 1999,Original: ENGLISH,"COMMISSION ON HUMAN RIGHTS
Fifty-fifth session
Agenda item 8","QUESTION OF THE VIOLATION OF HUMAN RIGHTS IN THE OCCUPIED ARAB
TERRITORIES, INCLUDING PALESTINE","Algeria*, Bahrain*, Bangladesh, China, Cuba, Egypt*, Indonesia,
Jordan*, Kuwait*, Madagascar, Malaysia*, Mauritania*, Morocco,
Oman*, Pakistan, Palestine*, Qatar, Saudi Arabia*, Sudan,","Tunisia, Yemen*",,,,,,,,,,,,,,,,,,,,,,,,,,,,,,,,,,,,,,,,
"UNITED
NATIONS E",Economic and Social,COUI‘]CI| E/CN.4/1999/L.4/Rev.1,26 April 1999,Original: ENGLISH,"COMMISSION ON HUMAN RIGHTS
Fifty-fifth session
Agenda item 5","THE RIGHT OF PEOPLES TO SELF-DETERMINATION AND ITS
APPLICATION TO PEOPLES UNDER COLONIAL OR ALIEN
DOMINATION OR FOREIGN OCCUPATION","Algeria*, Bahrain*, Bangladesh, China, Cuba, Egypt*, Indonesia,","Jordan*, Kuwait*, Malaysia*, Mauritania*, Morocco, Oman*,","Pakistan, Palestine*, Qatar, Saudi Arabia*, Sudan, Tunisia,
Yemen*",,,,,,,,,,,,,,,,,,,,,,,,,,,,,,,,,,,,,,,
"UNITED
NATIONS E",Economic and Social,COUI‘]CI| E/CN.4/1999/L.25/Rev.1,22 April 1999,"ENGLISH
Original: ARABIC","COMMISSION ON HUMAN RIGHTS
Fifty-fifth session
Agenda item 9",QUESTION OF THE VIOLATION OF HUMAN RIGHTS AND FUNDAMENTAL FREEDOMS,"Afghanistan*, Algeria*, Bahrain*, Bangladesh, Cuba,
Egypt*, Jordan*, Kuwait*, ILebanon*, Libyan Arab
Jamahiriyva*, Malaysia*, Mauritania*, Morocco, Oman*,
Pakistan, Palestine*, Qatar, Saudi Arabia*, Sudan,","Syrian Arab Republic*, Tunisia, United Arab Emirates
and Yemen*",,,,,,,,,,,,,,,,,,,,,,,,,,,,,,,,,,,,,,,,
"UNITED
NATIONS",Security Council,"Dis
GEN","tr.
ERAL","S/1999/517
14 May 1999",ORIGINAL: ENGLISH,"Argentina, Bahrain, Bosnia and Herzegovina, Brazil, Egypt, Gabon,
Gambia, Islamic Republic of TIran, Jordan, Kuwait, Malaysia,
Morocco, Namibia, Pakistan, Qatar, Saudi Arabia, Senegal,
Slovenia, Turkey, United Arab Emirates and Yemen:","The Security Council,","Recalling its resol
23 September 1998, and 1203
President of 24 August 1998
and 29 January 1999 (S/P","Bearing in mind the
guided by the Universal Decla","utions 1160
(1998)
(S/PRST/1998/25),
RST/1999/5),",,,,,,,,,,,,,,,,,,,,,,,,,,,,,,,,,,,,,,
"UNITED
NATIONS E",Distr.,Economic and Social IMiTED,Council E/CN.4/1999/L.4,9 April 1999,Original: ENGLISH,"COMMISSION ON HUMAN RIGHTS
Fifty-fifth session
Agenda item 5","THE RIGHT OF PEOPLES TO SELF-DETERMINATION AND ITS
APPLICATION TO PEOPLES UNDER COLONIAL OR ALIEN
DOMINATION OR FOREIGN OCCUPATION","Algeria*, Bahrain*, Bangladesh, China, Cuba, Egypt*, Indonesia,","Jordan*, Kuwait*, Malaysia*, Mauritania*, Morocco, Oman*,","Pakistan, Palestine*, Qatar, Saudi Arabia*, Sudan, Tunisia,
Yemen*",,,,,,,,,,,,,,,,,,,,,,,,,,,,,,,,,,,,,,
"UNITED
NATIONS",Economic and Social,Council,Distr,"LIMITED
E/CN.4/1999/L.25%
19 April 1999
ENGLISH",Original: ARABIC,"COMMISSION ON HUMAN RIGHTS
Fifty-fifth session",Agenda,QU1,item 9,ESTION OF THE,VIOLATION OF HUMAN RIGHTS AND FUNDAMENTAL,FRE,EDOMS,"Afghanistan**, Algeria**, Bahrain**, Bangladesh, Cuba,",Pakis,* Kk,can,Palesti,ne**,"Egypt**, Jordan**, Kuwait**, Tebanon**, ILibyan Arab","Syrian Arab Republic**, Tunisia, United Arab Emirates",1999/..,and Yemen**,,,,,,,,,,,,,,,,,,,,,,,,,
United Nations,A/ES-lO/L.S,"\
N
Y",N,General Assembly ??ﬁﬁiﬁffﬁi 9,2,Original: English,Tenth emergency special session,Agenda item 5,"Illegal Israeli actions in Occupied East Jerusalem and the rest of the
Occupied Palestinian Territory","Afghanistan, Algeria, Bahrain, Bangladesh, Djibouti, Egypt, Jordan,
Kuwait, Malaysia, Mauritania, Morocco, Oman, Pakistan, Qatar, Saudi
Arabia, Sudan, Tunisia, United Arab Emirates, Yemen and Palestine",,,,,,,,,,,,,,,,,,,,,,,,,,,,,,,,,,,,,,
"United Nations AVES-10/L.5/Rev.1""","\
N
Y",N,General Assembly 09,N,Original: English,Tenth emergency special session,Agenda item 5,"Illegal Israeli actions in Occupied East Jerusalem and the rest of the
Occupied Palestinian Territory","Afghanistan, Algeria, Bahrain, Bangladesh, Comoros, Cuba, Djibouti,
Egypt, Indonesia, Jordan, Kuwait, Malaysia, Mauritania, Morocco,
Oman, Pakistan, Qatar, Saudi Arabia, Sudan, Tunisia, United Arab
Emirates, Yemen and Palestine",,,,,,,,,,,,,,,,,,,,,,,,,,,,,,,,,,,,,,,
"UNITED
NATIONS E",Economic and Social bistr.,Council E/CN.4/1999/L.13,15 April 1999,"ENGLISH
Original: ARABIC/ENGLISH","COMMISSION ON HUMAN RIGHTS
Fifty-fifth session
Item 8 of the agenda","QUESTION OF THE VIOLATION OF HUMAN RIGHTS IN TH
OCCUPIED ARAB TERRITORIES, INCLUDING PALESTINE",3|,"Algeria*, Bahrain*, Bangladesh, Cuba, Democratic People's","Republic of Korea*, Egypt*, Indonesia, Jordan*, Kuwait*,","Lebanon*, Malaysia*, Mauritania*, Morocco, Oman*, Pakistan,","Qatar, Saudi Arabia*, Sudan, Tunisia, United Arab Emirates*,
and Yemen*",,,,,,,,,,,,,,,,,,,,,,,,,,,,,,,,,,,,,
"UNITED
NATIONS S","Security Council
Distr.
GENERAL",S/1999/661,10 June 1999,ENGLISH,"ORIGINAL: ENGLISH, FRENCH
AND RUSSIAN","Bahrain, Canada, France, Gabon, Germany, Italy, Japan,
Netherlands, Russian Federation, Slovenia, Ukraine,","United Kingdom of Great Britain and Northern Ireland and
United States of America",,,,,,,,,,,,,,,,,,,,,,,,,,,,,,,,,,,,,,,,,
"A & Aol ﬁ’g’!
Distr.
LIMITED",A/54/L.14%*,"25 October 1999
ARABIC",ORIGINAL: ENGLISH,"Qg—a.u.e‘:a""g a.i.ﬂ)."" 3)3.\.""
Jlee¥) Joas oo ¥1 andl","ioyall Jgall daolsg &asied f‘gu O Oelacd)
G 9 9 w):q.""s 8 Asciell 3:..').1."" Q'JLG’)Z'Q Q.\J’S""
ol G Hegendly Ded)) Do )l D palesdly 3153l
Ay (bl y (lecy (logudly (g Do
3.3.\3.1..‘."" a,'u).I."" mﬁ-&""g g‘_a)_i.e.""s ul_.....'s t&_|»3SJ|3
AR g 9o ey Lol H9
ioyall Jgall daolsg &asied ‘,..’S’u O Oelacd)
oLl dczasdl ()
i sall Joal) dselorg sasvial wedl (po Gslasdl olds ALl LS1,058 ) eds 3
Mag yal Jgal) daolorg sasiall ao¥) (o Golatd) e pladl (o) o a5 B o oy aBy
aedaisy ety cpod) WS Judiwell G2 Lajlis) at o Edeal cilia)) pe Aaelod! Golas Jilws",e Loy slaxd¥) cld el,"bl Glasall o S (3 Legio Zeslil dasloll e si o3 Gteliaoll Gk, Lasds 3,
Loy ad 300 59 Joulg ) cda o alad g39 §J|A¥|3 g.ﬁ.""«.""g géu.""«.""s g.al.m.i’):'s g.LLA:«:-’g's g.\myu","e olewd L law) sl *
A/54/180 "")",e 251099 251099 99-31354,"A/54/L.14
Arabic
Page 2","slartall mladl ¢ yall Locw Yo MM adlull alad"" ainell alal el a5 Laolac! Lo asl 3
< € ¢ # & ;
‘(V)""‘QM| abs “9:4.4"" 9 dcaddd “}:| < Ladooca)! |3 QL,:J):J' & ugl.i.""«."".i","3oL o Ay ey Axliadl idlally iysbaid¥) alsel JMiiw) ) dslodl sl Lgie Lelidly
(omeadiiall AS yliiod) (BIAAT) m had (S Guewndly","G al) Joal) daslors Basial pal Gegliie oo sl Guds3 3ab) o dmlsl plus 3
td:m&"" d'“is QL'""L"" &M’ gé - .o "" Lg_’il .. s","oo dgiaoell M}:' EN PNECIN | P WL 9N | ‘M’S’i O Goladl Glasedl EJEY &LA:«:-YL' [ gey 5!3
NAAA e /dgi"" geslE VY g Ve LT aissliog VAAA adga/j9es Y4 o YA","fﬁM'W?'ﬁﬂqtkﬁ;’h""&eL&M -","Oobadl 3ol Juew (2 Ao sall Joa) daels LAg ) Aol sggad) e (i3 - Y
) Lae s Juolss of Basiiall ped) dogloie ) laly iim sall Joa (po Land 81,k sasiel)",G @l ael) s dmlie @ls) ) (o 033S) Lot plall (el La jads (e o a5 -y,dasiel ae¥) dogliie iluw o lwg dasial ol b Lol liee (o wade U ele Laas¥) O |,"Lod 2 1350 ic o3 plall ¢ Laio¥) Lyiog (douaiioll Lgslelaiog Lo soll Jga)) daolod dolall dsle¥lg
1444 ol o",o JS Maad i Ao el Joal) dselod delal) ixleBly s asuiall ol delall le¥) ) Cllas - £,"pod) Gl B 83,080 (solially solioll Guisd Lok Legin golat alSS 350 ) Lle (lpolais! Glace","leaiu¥) slgnly ) £ g e loan¥ly LslosB¥) dally (Gucdo ) (peflg aludl ety 8ol
(g sl peailly iy puaiall JISST pras Gle $Lday « paaell s a5","Godo (om ¥0s Al Gl (pe¥) Luloe) deaw ) @SLs) dan) (A/47/277-S/24111 (¥)
SRA111 Zad el N AAY a9/l 3s g sabe /obiTg Ju ¥/ oluwe",e 99-31354,"A/54/L.14
Arabic
Page 3","08lS Bade gsmwaddl Al (e¥) Lulomel eaw ) @G k) (A/50/60-S/1995/1 (V)
S/1995/1 ol V490 (ke /53Ty sl s/ ol g yali/ o L2","Plug sasiall aed) o Gricdly olad) 3 3ad sasgar Juolgr Of plall o) L Cdlas - 0
L3538 3ol ks Auawaiiell Llaliiog dwm sall Joall dnclory 43¥1Sgy damial) aefl Fogliie o buw o","e Laia¥ly (g 3baid¥ly kel Glacell (o JS B Ciediial) AS el CBlanfly o)l deas o
£§J|A¥|3 gﬁu.""«.""s g-'l-""“-'}:b",(b Lo dasiall aef) Aeglaio zol s ol o oluwy dumwaiiel) YIS I dlas -,"[pilatoioy dosal) Joa)l dsmels goy lgio Leudy plall Guofl go golasd) Juolos o )
pra 2 Osladl pewsiy el ) Bags o QIR ssasidl il yhel dmslie Ol
dowadsiel Lgileddiey 4w )l Joa) daolorg 8a>el 1"""".;"" dogldie (g (s Lol","claliially ol ol o Loldcdl Adl Grewsiy ¥Las¥) 3Ly idwlse e Jous of (@)
Lo Aais e Ahy oyl @sldially Glay Led L) 3 pblia)) WSyl","oy e B LgSluw bog s ool Joad) Anoler cladiie go 23 oSl o Hids o (g)
i o) Addaiell B ialesy) g liell","(oslas 0 Joomall paidly Yo r adsy/30ed VE Goloi ¥ acso 0 iplall Gued) @ o ()
oldy sasaell daliall 5ol dwls drwmy adls Gy dowasia lysleliiey o yall Joal daels 2o
TRCOUCON QDI FTTBI JRCH P PURY R B FUCTIN [ LY LT PRS- TRV I YL REN RN","i 3 asiall pof| doglaie 7ol 32 9 o buies o 5l g Fudmuaiial) Y ) Lyl cllas -
raiilly ABUl 2y hrgle¥) )b ilelodll 8 Zuawasiell Lslalaiog o sall Joall Zaels zo ogbat)","fé:..';"";l.""s ‘A)LL}:'Q ‘2.‘..""..,.!!3 oL""«:-ng.aS:«.""s ‘g“'ﬁ""'"" HJ-\:""""Q ‘HJ-\:""""Q o"").aa'ia"" Z\.e,a-‘i’i, M's @ﬂ'",Joall daslo plall (reed) po olaills pomdn o sasiall aelU pladl Gue¥) ) cdbes - A,Gopall Joo daelsd dela)) Wole¥ly sasaell aell dela)) Wle¥l lieo (ne Liygs sldcdl e sl,"Sluogilly il idally @ ldiedl dasliog A DI5 ) sah £ 0w ) Loy Guwcd) L 5 5ad g (S saiwY
adaial) (o 83siae)l ilelais¥) B dasiasd (91T §saae","sad Ealaiu ¥l sasuell aed) degliice iluwde Sluy dasiall aedl psas b ess - 4
i ol didaiall GO plas G g oldial) B G sl Gl ) sl s Sal) (o LY",e 99-31354,"A/54/L.14
Arabic
Page 4","JS 80 ple gleis) sie pail andsy (o) yaiwly Golad) 3 jas Ul s2¥ 13ase S5 - Ve
Log3¥LSy (o A4S yidin deelod e Lol Adc g oo ol Joal dnolorg asvial) o) dogdaio (o (i
wobol e do sl Joal deas B 5 e daa®) iy dyade®) Id ¥leal) oldn Guiw US 55
ilebiiay iwosall Joal dsmels 3 L Sobliedl melsdly Sasviell aedl degliie molr (e (LS
tdaasell","Sbll liae o golaily @laiedl Judel pla)l g las¥) sic Geaal Loyl 1oasme aSss - V)
Yool ale B dawadid Sladiiey i sal) Joal) daelon dolall Gale¥ly & asiall aef) dosiie luw 5o","dnalory dasiall aedl G ""deididly oLl leim gelad glos) ads ob e - VY
Gled (g 0 gﬁ LewT g.aﬂJ dec Laio¥ly dyaland) Lol a0 gé dowasiall LgSleloiey o ) Joa)",Weor ale gale /LT YV I YY (he 8 aad U0,| 2a5 el g daalind] g3 595 2 doladl dsasd) ) pady o pladl (eed) ) s - A Y,"Oalad)"" Geraal ard) Gpewaddly Aol L4 59a) b o)l Jloc ¥ d,.\:.ga T A3 Qi s - Ve
Mao yall Joa)) dselory & Aol ‘a.e'§| i","e 99-31354
"
United Nations Acasans,"V/ \ istr.: Limite
\z@?\} General Assembly Dist: Limited|
S",Original: English,Fifty-fourth session,Third Committee,Agenda item 116 (a),"Human rights questions: implementation of
human rights instruments","Algeria, Antigua and Barbuda, Bahamas, Bahrain, Bangladesh, Barbados,
Bhutan, Brunei Darussalam, Burkina Faso, Burundi, Cameroon, China,
Comoros, Cuba, Democratic People’s Republic of Korea, Democratic Republic of
the Congo, Djibouti, Egypt, El Salvador, Eritrea, Ethiopia, Fiji, Ghana,
Grenada, Guinea, Guyana, India, Indonesia, Iran (Islamic Republic of), Iraq,
Jamaica, Japan, Jordan, Kenya, Kuwait, Lebanon, Liberia, Libyan Arab
Jamahiriya, Madagascar, Malaysia, Maldives, Mali, Mauritania, Mongolia,
Morocco, Myanmar, Niger, Nigeria, Oman, Pakistan, Papua New Guinea, Qatar,
Rwanda, Saint Kitts and Nevis, Saint Lucia, Saint Vincent and the Grenadines,
Saudi Arabia, Senegal, Sierra Leone, Singapore, Sudan, Suriname, Swaziland,
Syrian Arab Republic, Trinidad and Tobago, Tunisia, Uganda, United Arab
Emirates, United Republic of Tanzania, Viet Nam, Yemen and Zimbabwe:
",,,,,,,,,,,,,,,,,,,,,,,,,,,,,,,,,,,,,,,,,
United Nations Avcasanse,"V/ \ istr.: Limite
\z@?\} General Assembly Dist: Limited|
S",Original: English,"Fifty-fourth session
Third Committee
Agenda item 116 (a)
Human rights questions: implementation of human rights instruments","Algeria, Antigua and Barbuda, Bahamas, Bahrain, Bangladesh, Barbados,
Bhutan, Brunei Darussalam, Burkina Faso, Burundi, Cameroon, China,
Comoros, Cuba, Democratic People’s Republic of Korea, Democratic Republic of
the Congo, Djibouti, Egypt, El Salvador, Eritrea, Ethiopia, Fiji, Ghana,
Grenada, Guinea, Guyana, India, Indonesia, Iran (Islamic Republic of), Iraq,
Jamaica, Jordan, Kenya, Kuwait, Lebanon, Liberia, Libyan Arab Jamahiriya,
Madagascar, Malaysia, Maldives, Mali, Mauritania, Mongolia, Morocco,
Myanmar, Niger, Nigeria, Oman, Pakistan, Papua New Guinea, Qatar, Rwanda,
Saint Kitts and Nevis, Saint Lucia, Saint Vincent and the Grenadines, Saudi
Arabia, Senegal, Sierra Leone, Singapore, Sudan, Suriname, Swaziland, Syrian
Arab Republic, Trinidad and Tobago, Tunisia, Uganda, United Arab Emirates,
United Republic of Tanzania, Viet Nam, Yemen and Zimbabwe: amendment to",,,,,,,,,,,,,,,,,,,,,,,,,,,,,,,,,,,,,,,,,,,,
United Nations Avcarsano,"A N . L
{fi’@?\} General Assembly Dise: Limited |
274",Original: English,"Fifty-fourth session
Third Committee","Agenda item 115
Right of peoples to self-determination","Algeria, Andorra, Austria, Bahrain, Bangladesh, Belgium, Benin, Burkina Faso,
Chile, Cuba, Cyprus, Denmark, Djibouti, Ecuador, Egypt, Finland, France,
Germany, Greece, Guinea, Guyana, Hungary, Indonesia, Ireland, Italy, Jordan,
Kenya, Kuwait, Liechtenstein, Luxembourg, Madagascar, Malaysia, Mali,
Malta, Mauritania, Monaco, Morocco, Mozambique, Namibia, Netherlands,
Niger, Nigeria, Oman, Pakistan, Portugal, Qatar, San Marino, Saudi Arabia,
Senegal, Sierra Leone, South Africa, Spain, Sudan, Sweden, Tunisia, United
Arab Emirates, United Kingdom of Great Britain and Northern Ireland, Viet
Nam, Yemen, Zimbabwe and Palestine",,,,,,,,,,,,,,,,,,,,,,,,,,,,,,,,,,,,,,,,,,,
United Nations Avcasanis,"A, N\ . o
\f@?\} General Assembly Distr; Limited
274",Original: English,Fifty-fourth session,Special Political and Decolonization Committee,(Fourth Committee),Agenda item 88,"United Nations Relief and Works Agency for Palestine Refugees in the
Near East","Afghanistan, Bahrain, Comoros, Cuba, Djibouti, Egypt, Indonesia, Jordan,
Kuwait, Morocco, Qatar, Saudi Arabia, Sudan, Tunisia, United Arab Emirates,
Yemen and Palestine",,,,,,,,,,,,,,,,,,,,,,,,,,,,,,,,,,,,,,,,
United Nations,"A, N\ . o
\f@?\} General Assembly Distr; Limited
274",Original: English,"Fifty-fourth session
Agenda item 36
Bethlehem 2000",99-32612 (E),"Afghanistan, Algeria, Argentina, Bahrain, Bangladesh, Belarus, Chile, Comoros,
Costa Rica, Cuba, Cyprus, Djibouti, Egypt, El Salvador, Greece, Guyana,
Indonesia, Ireland, Italy, Jordan, Kuwait, Malaysia, Morocco, Oman, Peru,
Qatar, Saudi Arabia, Senegal, Sierra Leone, Sudan, Tunisia, United Arab
Emirates, Yemen and Palestine",,,,,,,,,,,,,,,,,,,,,,,,,,,,,,,,,,,,,,,,,,,
United Nations Ascasans,"A, N . o
\f@?\} General Assembly Dist: Limited
274",Original: English,Fifty-fourth session,Special Political and Decolonization Committee,(Fourth Committee),Agenda item 89,"Report of the Special Committee to Investigate Israeli Practices
Affecting the Human Rights of the Palestinian People and Other
Arabs of the Occupied Territories","Bahrain, Comoros, Cuba, Djibouti, Egypt, Jordan, Kuwait, Morocco, Qatar,
Saudi Arabia, Sudan, Tunisia, United Arab Emirates, Yemen and Palestine",,,,,,,,,,,,,,,,,,,,,,,,,,,,,,,,,,,,,,,,
United Nations Asc.assano,"A, N . o
\f@?\} General Assembly Dist: Limited
274",Original: English,Fifty-fourth session,Special Political and Decolonization Committee,(Fourth Committee),Agenda item 89,"Report of the Special Committee to Investigate Israeli Practices
Affecting the Human Rights of the Palestinian People and Other
Arabs of the Occupied Territories","Afghanistan, Bahrain, Comoros, Cuba, Djibouti, Egypt, Jordan, Kuwait,
Morocco, Qatar, Saudi Arabia, Sudan, Tunisia, United Arab Emirates, Yemen
and Palestine",,,,,,,,,,,,,,,,,,,,,,,,,,,,,,,,,,,,,,,,
United Nations Avc.assanio,"A, N . o
\f@?\} General Assembly Dist: Limited
274",Original: English,Fifty-fourth session,Special Political and Decolonization Committee,(Fourth Committee),Agenda item 89,"Report of the Special Committee to Investigate Israeli Practices
Affecting the Human Rights of the Palestinian People and Other
Arabs of the Occupied Territories","Afghanistan, Bahrain, Comoros, Cuba, Djibouti, Egypt, Kuwait, Morocco,
Qatar, Saudi Arabia, Tunisia, United Arab Emirates, Yemen and Palestine",,,,,,,,,,,,,,,,,,,,,,,,,,,,,,,,,,,,,,,,
United Nations Avcasananr,"A, N . o
\f@?\} General Assembly Dist; Limited
274",Original: English,Fifty-fourth session,Special Political and Decolonization Committee,(Fourth Committee),Agenda item 89,"Report of the Special Committee to Investigate Israeli Practices
Affecting the Human Rights of the Palestinian People and Other Arabs
of the Occupied Territories","Afghanistan, Bahrain, Comoros, Cuba, Djibouti, Egypt, Jordan, Kuwait,
Morocco, Qatar, Saudi Arabia, Tunisia, United Arab Emirates, Yemen and
Palestine",,,,,,,,,,,,,,,,,,,,,,,,,,,,,,,,,,,,,,,,
United Nations Avcasanin,"A, N . o
\f@?\} General Assembly Dist; Limited
274",Original: English,Fifty-fourth session,Special Political and Decolonization Committee,(Fourth Committee),Agenda item 89,"Report of the Special Committee to Investigate Israeli Practices
Affecting the Human Rights of the Palestinian People and Other Arabs
of the Occupied Territories","Afghanistan, Bahrain, Comoros, Cuba, Djibouti, Egypt, Jordan, Kuwait,
Lebanon, Morocco, Oman, Qatar, Saudi Arabia, Sudan, Syrian Arab Republic,
Tunisia, United Arab Emirates, Yemen and Palestine",,,,,,,,,,,,,,,,,,,,,,,,,,,,,,,,,,,,,,,,
United Nations Avcasanis,"A, N . o
\f@?\} General Assembly Dist; Limited
274",Original: English,Fifty-fourth session,Special Political and Decolonization Committee,(Fourth Committee),Agenda item 88,"United Nations Relief and Works Agency for Palestine Refugees in the
Near East","Afghanistan, Bahrain, Comoros, Cuba, Djibouti, Egypt, Indonesia, Jordan,
Kuwait, Morocco, Qatar, Saudi Arabia, Sudan, Tunisia, United Arab Emirates,
Yemen and Palestine",,,,,,,,,,,,,,,,,,,,,,,,,,,,,,,,,,,,,,,,
United Nations Ac.osama,"V/ \ istr.: Limite
\z@?\} General Assembly Dist: Limited|
S",Original: English,Fifty-fourth session,Sixth Committee,Agenda item 156,"Report of the United Nations Commission on International Trade Law
on the work of its thirty-second session","Algeria, Argentina, Australia, Austria, Azerbaijan, Bahrain, Belgium, Bosnia
and Herzegovina, Brazil, Canada, Chile, China, Colombia, Costa Rica, Croatia,
Cyprus, Czech Republic, Denmark, Ecuador, Finland, France, Germany,
Greece, Guatemala, Hungary, India, Iran (Islamic Republic of), Ireland, Israel,
Italy, Japan, Lesotho, Liechtenstein, Lithuania, Luxembourg, Malaysia, Mexico,
Netherlands, Nigeria, Norway, Poland, Portugal, Romania, Russian Federation,
Singapore, Slovakia, Slovenia, South Africa, Spain, Sweden, Turkey, United
Kingdom of Great Britain and Northern Ireland and United States of America",,,,,,,,,,,,,,,,,,,,,,,,,,,,,,,,,,,,,,,,,
United Nations Avc.assam.o/Rev.1,"A, N . o
\f@?\} General Assembly Dist: Limited
274",Original: English,Fifty-fourth session,Special Political and Decolonization Committee,(Fourth Committee),Agenda item 89,"Report of the Special Committee to Investigate Israeli Practices
Affecting the Human Rights of the Palestinian People and Other
Arabs of the Occupied Territories","Afghanistan, Bahrain, Brunei Darussalam, Comoros, Cuba, Djibouti, Egypt,
Jordan, Kuwait, Morocco, Qatar, Saudi Arabia, Sudan, Tunisia, United Arab
Emirates, Yemen and Palestine",,,,,,,,,,,,,,,,,,,,,,,,,,,,,,,,,,,,,,,,
United Nations Avcassan s,"A N . L
{fi’@?\} General Assembly Distr: Limited
274",Original: English,Fifty-fourth session,Second Committee,Agenda item 103,"Permanent sovereignty of the Palestinian people in the occupied
Palestinian territory, including Jerusalem, and of the Arab population
in the occupied Syrian Golan over their natural resources","Afghanistan, Algeria, Bahrain, Bangladesh, Brunei Darussalam, Comoros, Cuba,
Djibouti, Egypt, Indonesia, Jordan, Kuwait, Malaysia, Malta, Mauritania,
Morocco, Oman, Qatar, Saudi Arabia, Sudan, Tunisia, United Arab Emirates,
Yemen and Palestine",,,,,,,,,,,,,,,,,,,,,,,,,,,,,,,,,,,,,,,,,
United Nations Avcarsan.e,"A, N\ . .
(@) General Assembly D
274",Original: English,Fifty-fourth session,Third Committee,Agenda item 116 (b),"Human rights questions: human rights questions, including alternative
approaches for improving the effective enjoyment of human rights and
fundamental freedoms","Afghanistan, Bahrain, China, Cuba, Egypt, India, Iran (Islamic Republic of),
Malaysia, Myanmar, Pakistan, Sudan, Tajikistan and Turkmenistan",,,,,,,,,,,,,,,,,,,,,,,,,,,,,,,,,,,,,,,,,
United Nations Assa e,"V/ \ Distr.: Limited
g@?\} General Assembly Distr: Limited
S",Original: English,Fifty-fourth session,Agenda item 22,"Building a peaceful and better world through sport and the
Olympic ideal","Albania, Algeria, Andorra, Angola, Antigua and Barbuda, Argentina, Armenia,
Australia, Austria, Azerbaijan, Bahamas, Bahrain, Bangladesh, Barbados,
Belarus, Belize, Benin, Bhutan, Bolivia, Bosnia and Herzegovina, Botswana,
Brazil, Brunei Darussalam, Bulgaria, Burkina Faso, Burundi, Cambodia,
Cameroon, Canada, Cape Verde, Central African Republic, Chad, Chile, China,
Colombia, Comoros, Congo, Costa Rica, Cote d’Ivoire, Croatia, Cyprus, Czech
Republic, Democratic People’s Republic of Korea, Democratic Republic of the
Congo, Denmark, Djibouti, Dominica, Dominican Republic, Ecuador, Egypt, El
Salvador, Equatorial Guinea, Eritrea, Estonia, Ethiopia, Fiji, Finland, France,
Gabon, Gambia, Georgia, Germany, Ghana, Greece, Grenada, Guatemala,
Guinea, Guinea-Bissau, Guyana, Haiti, Honduras, Iceland, India, Indonesia,
Iraq, Ireland, Israel, Italy, Jamaica, Japan, Jordan, Kazakhstan, Kenya,
Kuwait, Kyrgyzstan, Latvia, Lebanon, Lesotho, Liberia, Liechtenstein,
Lithuania, Luxembourg, Madagascar, Malawi, Malaysia, Maldives, Mali, Malta,
Marshall Islands, Mauritania, Mauritius, Micronesia (Federated States of),
Monaco, Mongolia, Morocco, Mozambique, Myanmar, Namibia, Nepal,
Netherlands, New Zealand, Nicaragua, Niger, Nigeria, Norway, Oman, Pakistan,
Panama, Papua New Guinea, Paraguay, Peru, Philippines, Poland, Portugal,
Qatar, Republic of Korea, Romania, Russian Federation, Rwanda, Saint Kitts
and Nevis, Saint Lucia, Saint Vincent and the Grenadines, Samoa, San Marino,
Saudi Arabia, Senegal, Seychelles, Sierra Leone, Singapore, Slovakia, Slovenia,
Solomon Islands, South Africa, Spain, Sudan, Suriname, Swaziland, Sweden,
Syrian Arab Republic, Tajikistan, Thailand, the former Yugoslav Republic of
Macedonia, Togo, Trinidad and Tobago, Tunisia, Turkey, Turkmenistan,
Uganda, Ukraine, United Arab Emirates, United Kingdom of Great Britain and
Northern Ireland, United Republic of Tanzania, United States of America,
Uruguay, Venezuela, Viet Nam, Yemen, Zambia and Zimbabwe",,,,,,,,,,,,,,,,,,,,,,,,,,,,,,,,,,,,,,,,,,
United Nations,"@@
\\i\*wj",General Assembly e o0,Original: English,A/54/L.40,"Fifty-fourth session
Agenda item 43
The situation in the Middle East",99-36189 (E),"Afghanistan, Algeria, Bahrain, Bangladesh, Comoros, Cuba, Djibouti, Egypt,
Indonesia, Jordan, Kuwait, Lebanon, Malaysia, Mauritania, Morocco, Oman,
Qatar, Saudi Arabia, Sudan, Tunisia, United Arab Emirates, Yemen and
Palestine",,,,,,,,,,,,,,,,,,,,,,,,,,,,,,,,,,,,,,,,,
United Nations,"@
&",General Assembly e 00,Original: English,Fifty-fourth session,Agenda item,43,The situation in the Middle East,99-36195 (E),"Afghanistan, Algeria, Bahrain, Bangladesh, Comoros, Cuba, Djibouti, Indonesia,
Jordan, Lebanon, Malaysia, Mauritania, Morocco, Oman, Qatar, Saudi Arabia,
Sudan, Syrian Arab Republic, Tunisia, United Arab Emirates, Yemen and
Palestine",,,,,,,,,,,,,,,,,,,,,,,,,,,,,,,,,,,,,,,
United Nations AJsasas/add.,"V/ \ Distr.: Limited
g@?\} General Assembly Dist: Limited
S",Original: English,"Fifty-fourth session
Agenda item 44
Question of Palestine","Afghanistan, Algeria, Bangladesh, Brunei Darussalam, Comoros, Cuba, Djibouti,
Egypt, Indonesia, Jordan, Kuwait, Malaysia, Malta, Mauritania, Morocco,
Niger, Oman, Qatar, Senegal, Tunisia, United Arab Emirates, Yemen and
Palestine",,,,,,,,,,,,,,,,,,,,,,,,,,,,,,,,,,,,,,,,,,,,
United Nations,"V/ \ Distr.: Limited
g@?\} General Assembly Dist: Limited
S",Original: English,A/54/L.57,Fifty-fourth session,Agenda item 20 (b),"Strengthening of the coordination of humanitarian and disaster relief
assistance of the United Nations, including special economic assistance:
special economic assistance to individual countries or regions",99-37377 (E),"Algeria, Bahrain, Cameroon, China, Djibouti, Ethiopia, India, Jordan, Kuwait,
Lebanon, Mauritania, Namibia, Oman, Qatar, Saudi Arabia, Sudan, Suriname,
Syrian Arab Republic, United Arab Emirates and Yemen",,,,,,,,,,,,,,,,,,,,,,,,,,,,,,,,,,,,,,,,
United Nations AJsanaziadd.i,"V/ \ Distr.: Limited
g@?\} General Assembly Dist: Limited
S",Original: English,"Fifty-fourth session
Agenda item 44
Question of Palestine","Afghanistan, Algeria, Bangladesh, Brunei Darussalam, Comoros, Cuba, Djibouti,
Egypt, Indonesia, Jordan, Kuwait, Malaysia, Malta, Mauritania, Morocco,
Niger, Qatar, Senegal, Tunisia, United Arab Emirates, Yemen and Palestine",,,,,,,,,,,,,,,,,,,,,,,,,,,,,,,,,,,,,,,,,,,,
United Nations AJsas.aa/add.,"V/ \ Distr.: Limited
g@?\} General Assembly Dist: Limited
S",Original: English,"Fifty-fourth session
Agenda item 44
Question of Palestine","Afghanistan, Algeria, Bangladesh, Brunei Darussalam, Comoros, Cuba, Djibouti,
Egypt, Indonesia, Jordan, Kuwait, Malaysia, Malta, Mauritania, Morocco,
Niger, Qatar, Senegal, Tunisia, United Arab Emirates, Yemen and Palestine",,,,,,,,,,,,,,,,,,,,,,,,,,,,,,,,,,,,,,,,,,,,
United Nations Asanazadd.l,"V/ \ Distr.: Limited
g@?\} General Assembly Dist: Limited
S",Original: English,"Fifty-fourth session
Agenda item 44
Question of Palestine","Afghanistan, Algeria, Bangladesh, Brunei Darussalam, Comoros, Cuba,
Djibouti, Egypt, Indonesia, Jordan, Kuwait, Malaysia, Malta, Morocco,
Niger, Qatar, Saudi Arabia, Senegal, Tunisia, United Arab Emirates,
Yemen and Palestine",,,,,,,,,,,,,,,,,,,,,,,,,,,,,,,,,,,,,,,,,,,,
