0,1,2,3,4,5,6,7,8,9,10,11,12,13,14,15,16,17,18,19,20,21,22,23,24,25,26,27,28,29,30,31,32,33,34,35,36,37,38,39,40,41,42,43,44,45,46,47,48,49,50,51,52,53,54,55,56,57,58,59,60,61,62,63,64,65,66,67,68,69,70,71,72,73,74,75,76,77,78,79,80,81,82,83,84,85,86,87,88,89,90,91,92,93,94,95,96,97,98,99,100,101,102,103,104,105,106,107,108,109,110,111,112,113,114,115,116,117,118,119,120,121,122,123,124,125,126,127,128,129,130,131,132,133,134,135,136,137,138,139,140,141,142,143,144,145,146,147,148,149,150,151,152,153,154,155,156,157,158,159,160,161,162,163,164,165,166,167,168,169,170,171,172,173,174,175,176,177,178,179,180,181,182,183,184,185,186,187,188,189,190,191,192,193,194,195,196,197,198,199,200,201,202,203,204,205,206,207,208,209,210
"UNITED
NATIONS E",Economic and Social,Council E/CN.4/1999/L.48,20 April 1999,Original: ENGLISH,"COMMISSION ON HUMAN RIGHTS
Fifty-fifth session
Agenda item 11 (d)","CIVIL AND POLITICAL RIGHTS, INCLUDING THE QUESTION OF:
IMPUNITY","Albania*, Austria, Botswana, Canada, Chile, Czech Republic, Denmark*,
Ecuador, Finland*, France, Georgia*, Germany, Guatemala, Hungary,
Ireland, Italy, Latvia, Liechtenstein*, Luxembourg*, New Zealand,
Norway, Portugal*, Romania, Sweden*, Switzerland*, The former Yugoslav","Republic of Macedonia*, Uganda*, United Kingdom of Great Britain and
Northern Treland, United States of America",,,,,,,,,,,,,,,,,,,,,,,,,,,,,,,,,,,,,,,,,,,,,,,,,,,,,,,,,,,,,,,,,,,,,,,,,,,,,,,,,,,,,,,,,,,,,,,,,,,,,,,,,,,,,,,,,,,,,,,,,,,,,,,,,,,,,,,,,,,,,,,,,,,,,,,,,,,,,,,,,,,,,,,,,,,,,,,,,,,,,,,,,,,,,,,,,,,,,,,,,,
"UNITED
NATIONS E","Economic and Social bistr.
Council","E/CN.4/1999/L.70
21 April 1999",Original: ENGLISH,"COMMISSION ON HUMAN RIGHTS
Fifty-fifth session
Agenda item 14 (c)","SPECIFIC GROUPS AND INDIVIDUALS: MASS EXODUSES
AND DISPLACED PERSONS","Argentina, Austria, Azerbaijan*, Belarus*, Belgium*, Botswana,","Bulgaria*, Canada, Cyprus*, Denmark*, Ecuador, Finland*, Georgia*,","Greece*, Guatemala, Hungary*, Iceland*, Liechtenstein*, Netherlands*,","Poland, Portugal*, Romania, Slovenia*, South Africa, Spain*, Sweden%*,
Switzerland*, United States of America",,,,,,,,,,,,,,,,,,,,,,,,,,,,,,,,,,,,,,,,,,,,,,,,,,,,,,,,,,,,,,,,,,,,,,,,,,,,,,,,,,,,,,,,,,,,,,,,,,,,,,,,,,,,,,,,,,,,,,,,,,,,,,,,,,,,,,,,,,,,,,,,,,,,,,,,,,,,,,,,,,,,,,,,,,,,,,,,,,,,,,,,,,,,,,,,,,,,,,,,,
"UNITED
NATIONS E",Economic and Social bistr.,Council,"E/CN.4/1999/L.97
22 April 1999",Original: ENGLISH,"COMMISSION ON HUMAN RIGHTS
Fifty-fifth session
Agenda item 17",PROMOTION AND PROTECTION OF HUMAN RIGHTS,"Austria, Botswana, Bulgaria*, Canada, Chile, Colombia, Costa Rica*,","Croatia*, Denmark*, Dominican Republic*, FEcuador, El1 Salvador, Estonia*,","Finland*, Germany, Guatemala, Hungary*, Iceland*, Liechtenstein*,","Madagascar, Nicaragua*, Norway, Poland, Portugal*, Romania, Senegal,","Slovakia*, Slovenia*, South Africa, Spain*, Sweden*, Switzerland*,
Ukraine*, Urugquay",,,,,,,,,,,,,,,,,,,,,,,,,,,,,,,,,,,,,,,,,,,,,,,,,,,,,,,,,,,,,,,,,,,,,,,,,,,,,,,,,,,,,,,,,,,,,,,,,,,,,,,,,,,,,,,,,,,,,,,,,,,,,,,,,,,,,,,,,,,,,,,,,,,,,,,,,,,,,,,,,,,,,,,,,,,,,,,,,,,,,,,,,,,,,,,,,,,,,,,
"UNITED
NATIONS E",Economic and Social bistr.,Council,"E/CN.4/1999/L.57
20 April 1999",Original: ENGLISH,"COMMISSION ON HUMAN RIGHTS
Fifty-fifth session
Agenda item 11 (e)",CIVIL AND POLITICAL RIGHTS: RELIGIOUS INTOLERANCE,"Albania*, Argentina, Australia*, Austria, Belarus*, Belgium*, Botswana,","Bulgaria*, Cameroon*, Canada, Chile, Costa Rica*, Croatia*, Cuba,
Cyprus*, Czech Republic, Denmark*, Finland*, France, Germany, Greece*,","Guatemala, Hungary*, Iceland*, TIreland, Israel*, Ttaly, Japan, Latvia,","Liechtenstein*, Tithuania*, Luxembourg, Netherlands*, New Zealand*,","Norway, Peru, Poland, Portugal*, Romania, Slovakia*, Slovenia*,","South Africa, Spain*, Sweden*, Switzerland*, Tunisia, Ukraine*,","United Kingdom of Great Britain and Northern Ireland, United States of
America, Uruguay, Venezuela",,,,,,,,,,,,,,,,,,,,,,,,,,,,,,,,,,,,,,,,,,,,,,,,,,,,,,,,,,,,,,,,,,,,,,,,,,,,,,,,,,,,,,,,,,,,,,,,,,,,,,,,,,,,,,,,,,,,,,,,,,,,,,,,,,,,,,,,,,,,,,,,,,,,,,,,,,,,,,,,,,,,,,,,,,,,,,,,,,,,,,,,,,,,,,,,,,,,,
"UNITED
NATIONS E",Economic and Social,Council LIMITED,"E/CN.4/1999/L.82
22 April 1999",Original: ENGLISH,"COMMISSION ON HUMAN RIGHTS
Fifty-fifth session
Agenda item 18 (b)",EFFECTIVE FUNCTIONING OF HUMAN RIGHTS MECHANISMS,NATIONAL INSTITUTIONS AND REGIONAL ARRANGEMENTS,"Argentina, Australia*, Austria, Belgium*, Botswana, Brazil*,","Bulgaria*, Canada, Cape Verde, Dominican Republic*, E1 Salvador,","France, Germany, Greece*, Honduras*, Hungaryv*, Ireland, Italy,","Japan, Lithuania*, Madagascar, Malta*, New Zealand*, Norway,","Philippines, Portugal*, Romania, Senegal, South Africa, Spain*,","Ukraine*, United Kingdom of Great Britain and Northern Ireland,
Uruguay, Venezuela",,,,,,,,,,,,,,,,,,,,,,,,,,,,,,,,,,,,,,,,,,,,,,,,,,,,,,,,,,,,,,,,,,,,,,,,,,,,,,,,,,,,,,,,,,,,,,,,,,,,,,,,,,,,,,,,,,,,,,,,,,,,,,,,,,,,,,,,,,,,,,,,,,,,,,,,,,,,,,,,,,,,,,,,,,,,,,,,,,,,,,,,,,,,,,,,,,,,,
"UNITED
NATIONS",Council,"COMMISSION ON HUMAN RIGHTS
Fifty-fifth session
Agenda item 11 (c)",Economic and Social,Distr,"LIMITED
E/CN.4/1999/L.52
20 April 1999
Origina ENGLISH",CIVIL AND POLITICAL RIGHTS,FR,"T,",.EDOM OF EXPRESSION,"Afghanistan*, Albania*, Argentina, Australia*, Austria,
Bangladesh, Belarus*, Belgium*, Botswana, Brazil*,
Bulgaria*, Canada, Cape Verde, Chile, Cbte d'Ivoire*,
Cyprus*, Czech Republic, Denmark*, Dominican Republic*,",,,,,,,,,,,,,,,,,,,,,,,,,,,,,,,,,,,,,,,,,,,,,,,,,,,,,,,,,,,,,,,,,,,,,,,,,,,,,,,,,,,,,,,,,,,,,,,,,,,,,,,,,,,,,,,,,,,,,,,,,,,,,,,,,,,,,,,,,,,,,,,,,,,,,,,,,,,,,,,,,,,,,,,,,,,,,,,,,,,,,,,,,,,,,,,,,,,,,,,,
"UNITED
NATIONS E","Economic and Social DiStr;
Council","E/CN.4/1999/L.101
23 April 1999",Original: ENGLISH,"COMMISSION ON HUMAN RIGHTS
Fifty-fifth session
Agenda item 20",RATIONALIZATION OF THE WORK OF TH,"T,",3|,COMMISSION,"Afghanistan*, Argentina, Australia*, Austria, Belgium*,
Botswana, Brazil*, Bulgaria*, Canada, Cape Verde, Chile,
Colombia, Costa Rica*, Croatia*, Czech Republic, Denmark*,
Dominican Republic*, Fcuador, El1 Salvador, Estonia*, Finland*,
France, Germany, Greece*, Guatemala, Hungarvy*, Ireland, Italy,
Japan, Latvia, Liechtenstein*, Lithuania*, Luxembourg, Mozambigque,
Netherlands*, New Zealand*, Nicaragua*, Norway, Paraquay*, Poland,
Portugal*, Romania, Slovakia*, Slovenia*, South Africa, Spain*,
Sweden*, Switzerland*, United Kingdom of Great Britain and
Northern Ireland, United States of America, Uruguay",,,,,,,,,,,,,,,,,,,,,,,,,,,,,,,,,,,,,,,,,,,,,,,,,,,,,,,,,,,,,,,,,,,,,,,,,,,,,,,,,,,,,,,,,,,,,,,,,,,,,,,,,,,,,,,,,,,,,,,,,,,,,,,,,,,,,,,,,,,,,,,,,,,,,,,,,,,,,,,,,,,,,,,,,,,,,,,,,,,,,,,,,,,,,,,,,,,,,,,,,
"UNITED
NATIONS E",Economic and Social bistr.,Council,"E/CN.4/1999/L.98
22 April 1999",Original: ENGLISH,"COMMISSION ON HUMAN RIGHTS
Fifty-fifth session
Agenda item 17 (b)","PROMOTION AND PROTECTION OF HUMAN RIGHTS
HUMAN RIGHTS DEFENDERS","Argentina, Australia*, Belarus*, Belgium*, Botswana, Brazil*,
Bulgaria*, Canada, Chile, Costs Rica*, Croatia*, Czech Republic,
Denmark*, Dominican Republic*, FEcuador, E1 Salvador, Estonia*,
Finland*, France, Georgia*, Germany, Greece*, Guatemala, Hungary*,
Iceland*, Ireland, Ttaly, Japan, Latvia, Liechtenstein*,
Lithuania*, Luxemburg, Madagascar, Netherlands*, New Zealand*,
Nicaragua*, Norway, Pakistan, Paraguay*, Poland, Portugal*,
Romania, Russian Federation, Senegal, Slovakia*, South Africa,
Spain*, Sweden*, Switzerland*, Ukraine*, United Kingdom of","Great Britain and Northern Ireland, United States of America,
Uruguay, Venezuela",,,,,,,,,,,,,,,,,,,,,,,,,,,,,,,,,,,,,,,,,,,,,,,,,,,,,,,,,,,,,,,,,,,,,,,,,,,,,,,,,,,,,,,,,,,,,,,,,,,,,,,,,,,,,,,,,,,,,,,,,,,,,,,,,,,,,,,,,,,,,,,,,,,,,,,,,,,,,,,,,,,,,,,,,,,,,,,,,,,,,,,,,,,,,,,,,,,,,,,,,,
United Nations E/cnsio9ons,Economic and Social Council Disir: Limited,Original: English,Statistical Commission,Thirtieth session,"New York, 1-5 March 1999",Agenda item 10,Coordination and integration of international statistical programmes,"Australia, Botswana, Canada, Iceland, India, Mexico, Netherlands,
Singapore, United Kingdom of Great Britain and Northern Ireland and
United Stated of America",,,,,,,,,,,,,,,,,,,,,,,,,,,,,,,,,,,,,,,,,,,,,,,,,,,,,,,,,,,,,,,,,,,,,,,,,,,,,,,,,,,,,,,,,,,,,,,,,,,,,,,,,,,,,,,,,,,,,,,,,,,,,,,,,,,,,,,,,,,,,,,,,,,,,,,,,,,,,,,,,,,,,,,,,,,,,,,,,,,,,,,,,,,,,,,,,,,,,,,,,,
United Nations E/cn61999/1 8/Rev.1,"o ° * Distr.: Limited
Economic and Social Council U5 Mareh 1960",Original: English,Commission on the Status of Women,Forty-third session,1-12 March 1999,Agenda item 3 (¢),"Follow-up to the Fourth World Conference on Women: implementation
of strategic objectives and action in the critical areas of concern","Botswana, Chile, Cote d’Ivoire, Ecuador, Georgia, Ghana, Guatemala,
Indonesia, Kenya“, Morocco, Namibia, Panama’, Peru, Philippines |,
Rwanda, Senegal, Thailand, Ukraine, Venezuela and Zambia': revised",,,,,,,,,,,,,,,,,,,,,,,,,,,,,,,,,,,,,,,,,,,,,,,,,,,,,,,,,,,,,,,,,,,,,,,,,,,,,,,,,,,,,,,,,,,,,,,,,,,,,,,,,,,,,,,,,,,,,,,,,,,,,,,,,,,,,,,,,,,,,,,,,,,,,,,,,,,,,,,,,,,,,,,,,,,,,,,,,,,,,,,,,,,,,,,,,,,,,,,,,,
United Nations Eienisi1999/ 10/Rev 1,"Economic and Social Council Distr.: Limited
5 May 1999",Original: English,"Commission on Crime Prevention
and Criminal Justice",Eighth session,"Vienna, 27 April-6 May 1999",Agenda item 4,Strategies for crime prevention,"Angola, Benin, Botswana, Cameroon, Cote d’Ivoire, Gambia,
Ghana, Kenya, Lesotho, Mozambique, Namibia, South Africa,
Sudan, Swaziland, Togo, Uganda, United Republic of Tanzania,
Zambia and Zimbabwe",,,,,,,,,,,,,,,,,,,,,,,,,,,,,,,,,,,,,,,,,,,,,,,,,,,,,,,,,,,,,,,,,,,,,,,,,,,,,,,,,,,,,,,,,,,,,,,,,,,,,,,,,,,,,,,,,,,,,,,,,,,,,,,,,,,,,,,,,,,,,,,,,,,,,,,,,,,,,,,,,,,,,,,,,,,,,,,,,,,,,,,,,,,,,,,,,,,,,,,,,,
UNITED,NATIONS,"Economic and Social
CounCII LIMITED","E/CN.4/1999/L.51
19 April 1999",Original: ENGLISH,COMMISSION ON HUMAN RIGHTS,"Fifty-£f
Agenda",INTEGRATION OF THE HUMAN RIGHTS OF WOMEN AND THE GENDER PERSPECTIVE,"ifth session
item 12","Afghanistan*, Albania*, Angola*, Argentina, Australia*, Austria,","Bangladesh, Belarus*, Bolivia*, Botswana, Brazil*, Bulgaria*,
Cameroon*, Canada, Cape Verde, Chile, Colombia, Costa Rica*,","The Commission on Human Rights,","Croatia*, Cyprus*, Czech Republic, Denmark*, Dominican Republic*,
E1","Ecuador, | Salvador, Ethiopia*, Finland*, Germany, Greece*,
Guatemala, Honduras*, Ireland, Ttaly, Kenya*, Latvia,
Liechtenstein*, TLithuania*, Luxembourg, Madagascar, Mexico,
ozambique, Netherlands*, New Zealand*, Nicaragua*, Nigeria,
Norway, Paragquay*, Peru, Philippines, Poland, Portugal*, Romania,
Senegal, Slovenia*, South Africa, Spain*, Sweden*, Switzerland*,","The former Yugoslav Republic of Macedonia*, Tunisia,","United Kingdom of Great Britain and Northern Ireland, Uruguay,","Venezuela, Zambia*",,,,,,,,,,,,,,,,,,,,,,,,,,,,,,,,,,,,,,,,,,,,,,,,,,,,,,,,,,,,,,,,,,,,,,,,,,,,,,,,,,,,,,,,,,,,,,,,,,,,,,,,,,,,,,,,,,,,,,,,,,,,,,,,,,,,,,,,,,,,,,,,,,,,,,,,,,,,,,,,,,,,,,,,,,,,,,,,,,,,,,,,,,,,,,,,,,
"UNITED
NATIONS E",Economic and Social bistr.,Council,"E/CN.4/1999/L.45
20 April 1999",Original: ENGLISH,"COMMISSION ON HUMAN RIGHTS
Fifty-fifth session
Agenda item 12",INTEGRATION OF THE HUMAN RIGHTS OF WOMEN AND THE GENDER PERSPECTIVE,"Afghanistan*, Albania*, Angola*, Argentina, Bangladesh,
Belgium*, Bhutan, Botswana, Cameroon*, Chile, Colombia,","Costa Rica*, Cyprus*, Czech Republic, Dominican Republic*,
Egypt*, E1 Salvador, FEquatorial Guinea*, FEthiopia*,
Germany, Ghana*, Greece*, Guatemala, Haiti*, Indonesia,
Ttaly, Madagascar, Mexico, Mozambigque, Morocco, Norway,","Peru, Phi ppines, Portugal*, South Africa, Spain*,
Sri TLanka, Sweden*, Thailand*, The former Yugoslav Republic","of Macedonia*, Togo*, Ukraine*, Uruquay",,,,,,,,,,,,,,,,,,,,,,,,,,,,,,,,,,,,,,,,,,,,,,,,,,,,,,,,,,,,,,,,,,,,,,,,,,,,,,,,,,,,,,,,,,,,,,,,,,,,,,,,,,,,,,,,,,,,,,,,,,,,,,,,,,,,,,,,,,,,,,,,,,,,,,,,,,,,,,,,,,,,,,,,,,,,,,,,,,,,,,,,,,,,,,,,,,,,,,,,
"UNITED
NATIONS E","Economic and Social DiStr;
Council","E/CN.4/1999/L.39
21 April 1999",Original: ENGLISH,"COMMISSION ON HUMAN RIGHTS
Fifty-fifth session
Agenda item 13",RIGHTS OF THE CHILD,"Argentina, Australia*, Austria, Belarus*, Belgium*, Bolivia%*,
Botswana, Brazil*, Bulgaria*, Cameroon*, Canada, Chile,
Colombia, Congo, Costa Rica*, Croatia*, Cuba, Cyprus*,","Czech Republic, Denmark*, Dominican Republic*, FEcuador,","El Salvador, Estonia*, Ethiopia*, Finland*, France, Germany,
Greece*, Guatemala, Iceland*, TIreland, Italy, Latvia,
Liechtenstein*, TLithuania*, Luxemburg, Madagascar, Mexico,","Slovenia*, South Africa, Spain*, Sweden*, Switzerland*,","The former Yugoslav Republic of Macedonia*, Tunisia, Ukraine*,","United Kingdom of Great Britain and Northern Ireland, Uruguay,
Venezuela",,,,,,,,,,,,,,,,,,,,,,,,,,,,,,,,,,,,,,,,,,,,,,,,,,,,,,,,,,,,,,,,,,,,,,,,,,,,,,,,,,,,,,,,,,,,,,,,,,,,,,,,,,,,,,,,,,,,,,,,,,,,,,,,,,,,,,,,,,,,,,,,,,,,,,,,,,,,,,,,,,,,,,,,,,,,,,,,,,,,,,,,,,,,,,,,,,,,,,,
"UNITED
NATIONS E","Economic and Social DiStr;
Council","E/CN.4/1999/L.9%4
22 April 1999",Original: ENGLISH,"COMMISSION ON HUMAN RIGHTS
Fifty-fifth session
Agenda item 17",PROMOTION AND PROTECTION OF HUMAN RIGHTS,"Algeria*, Argentina, Armenia*, Bhutan, Bolivia*, Botswana,
Brazil*, Burundi*, Cameroon*, Cape Verde, Chile, Colombia,
Congo, Costa Rica*, Cbte d'Ivoire*, Croatia*, Cuba, Cyprus*,
Democratic Republic of the Congo, Dominican Republic*,
Ecuador, E1 Salvador, Equatorial Guinea*, Eritrea*, Ethiopia*,
Georgia*, Ghana*, Guatemala, Haiti*, Honduras*, India,
Libyan Arab Jamahiriya*, Madagascar, Mauritius, Morocco,
Mozambique, Nepal, Nicaragua*, Niger, Panama*, Paraguay¥*,
Peru, Philippines, Romania, Rwanda, Saudi Arabia*, Senegal,
South Africa, Sudan, Tunisia, Uganda*, Uruguay, Venezuela",,,,,,,,,,,,,,,,,,,,,,,,,,,,,,,,,,,,,,,,,,,,,,,,,,,,,,,,,,,,,,,,,,,,,,,,,,,,,,,,,,,,,,,,,,,,,,,,,,,,,,,,,,,,,,,,,,,,,,,,,,,,,,,,,,,,,,,,,,,,,,,,,,,,,,,,,,,,,,,,,,,,,,,,,,,,,,,,,,,,,,,,,,,,,,,,,,,,,,,,,,,,
"UNITED
NATIONS E",Economic and Social,Council E/CN.4/1999/L.78,22 April 1999,Original: ENGLISH,"COMMISSION ON HUMAN RIGHTS
Fifty-fifth session
Agenda item 18",EFFECTIVE FUNCTIONING OF HUMAN RIGHTS MECHANISMS,"Afghanistan*, Algeria*, Angola*, Bangladesh, Botswana, Burundi*,
Cape Verde, China, Colombia, Congo, Cuba, Democratic Republic of
the Congo, Democratic People's Republic of Korea*, Dominican
Republic*, FEcuador, Egypt*, El Salvador, Equatorial Guinea*,
Eritrea*, Ethiopia*, Gabon*, Guatemala, Haiti*, Honduras*, India,
Indonesia, Iran*, Irag*, Lebanon*, TLibyan Arab Jamahirivya*,
adagascar, Mauritania*, Mexico, Mozambique, Myanmar*, Nigeria*,
Pakistan, Peru, Philippines, Saudi Arabia*, Senegal, Sri Lanka,
Sudan, Syrian Arab Republic*, Togo*, Uganda*, Viet Nam*, Yemen*,
Zambia*, Zimbabwe*",,,,,,,,,,,,,,,,,,,,,,,,,,,,,,,,,,,,,,,,,,,,,,,,,,,,,,,,,,,,,,,,,,,,,,,,,,,,,,,,,,,,,,,,,,,,,,,,,,,,,,,,,,,,,,,,,,,,,,,,,,,,,,,,,,,,,,,,,,,,,,,,,,,,,,,,,,,,,,,,,,,,,,,,,,,,,,,,,,,,,,,,,,,,,,,,,,,,,,,,,,,
"UNITED
NATIONS E",Economic and Social,Council E/CN.4/1999/L.49,19 April 1999,Original: ENGLISH,"COMMISSION ON HUMAN RIGHTS
Fifty-fifth session
Agenda item 11 (b)",CIVIL AND POLITICAL RIGHTS:,DISAPPEARANCES AND SUMMARY EXECUTIONS,"Bulgaria*, Canada, Cape Verde, Chile, Costa Rica*, Croatia*,
Cyprus*, Czech Republic, Denmark*, FEcuador, El Salvador, Estonia*,
Finland*, France, Georgia*, Germany, Greece*, Guinea*, Haiti*,
Hungary*, Iceland*, Ireland, Ttaly, Latvia, Liechtenstein*,
Lithuania*, ILuxembourg, Madagascar, Netherlands*, New Zealand*,
Norway, Poland, Portugal*, Romania, San Marino*, Senegal,","ovakia*, Slovenia*, South Africa, Spain*, Sweden*, Switzerland*,
The former Yugoslav Republic of Macedonia*, Uganda*, Ukraine*,","United Kingdom of GYeatzBeilbaindandtNeesbénnidneland, Uruguay,","1999/... Extrajudicial, summary or arbitrary executions","The Commission on Human Rights,","Recalling the Universal Declaration of Human Rights, which guarantees","the right to life, liberty and security of person, and the relevant provisions
of the International Covenant on Civil and Political Rights,",Having regard to the legal framework of the mandate of the Special,"Rapporteur on extrajudicial, summary or arbitrary executions, including the",provisions contained in Commission resolution 1992/72 of 5 March 1992 and,"General Assembly resolution 47/136 of 18 December 1992,","* In accordance with rule 69, paragraph 3, of the rules of procedure of
the functional commissions of the Economic and Social Council.",GE.99-12442 (E,"e
~","
E/CN.4/1999/L.49
page 2","Mindful of General Assembly resolutions on the subject of extrajudicial,","summary or arbitrary executions, of which the latest is resolution 53/147 of",9 December 1998 in which the Assembly requested the Special Rapporteur to,submit to it at its fifty-fifth session an interim report on the situation,"worldwide in regard to extrajudicial, summary or arbitrary executions and her","recommendations for more effective action to combat that phenomenon,",Recalling Economic and Social Council resolution 1984/50 of 25 May 1984,and the Safeguards guaranteeing protection of the rights of those facing the,"death penalty annexed thereto, and Council resolution 1989/64 of 24 May 1989","on their implementation, as well as the Declaration of Basic Principles
of Justice for Victims of Crime and Abuse of Power, adopted by the","General Assembly in its resolution 40/34 of 29 November 1985,","Deeply alarmed at the persistence, on a large scale, of extrajudicial,","summary or arbitrary executions in all parts of the world,","Dismayed that in a number of countries impunity, the negation of
justice, continues to prevail and often remains the main cause of the
continued occurrence of extrajudicial, summary or arbitrary executions in
those countries,",Acknowledging the historic significance of the adoption of the,"Rome Statute of the International Criminal Court,",Convinced of the need for effective action to combat and to eliminate,"the abhorrent practice of extrajudicial, summary or arbitrary executions,
which represent a flagrant violation of the fundamental right to life,","1. Strongly condemns once again all the extrajudicial, summary or",arbitrary executions that continue to take place throughout the world;,2. Demands that all Governments ensure that the practice of,"extrajudicial, summary or arbitrary executions is brought to an end and that","they tak ffective action to combat and eliminate the phenomenon in all its
forms;","3. Notes that impunity continues to be a major cause of the
perpetuation of violations of human rights, including extrajudicial, summary",or arbitrary executions;,4. Reiterates the obligation of all Governments to conduct exhaustive,"and impartial investigations into all suspected cases of extrajudicial,","summary or arbitrary executions, to identify and bring to justice those",respo,and to adopt a,executions;,5.,penalty has,provisions o,safeguards a,"resolutions
6.",to prevent,and communa,"conflicts,","training in human rights matters,","nsible,",Calls,f inte,1984/5,1 viole,the use of force a,"7.
their liber
dignity of
conform to",where appl,"Additional
in armed co","8.
and Add.",on various aspects and,"extrajudicial,","9.
the Special","carefully the recommendations made by the
report to the Special Rapporteur on actio
and requests other Governments,","Special Rapporteur,",10.,"towards the elimination of extrajudicial,","encourages the Special Rapporteur to continue,","mandate,",Appeals to all Governme,ty are,the Sta,"icable,",Protoco,"1),","nflicts,",Takes,inclu,Rappor,necessary measures to prevent th,nd guaran,the human perso,summary,Expresses its appreciation to,page 3,recu,upon,"rnational human rights instruments,",tees set out in Economic and Socia,0 and 1989/64;,"nce, disturbances,
i
nd firearms in the discharge of their
nts to ensure that a",treated with huma,n and that,ndard Minimum Rules for the Treatment,"to the Geneva Conventions of 12 Augus
1ls thereto of 1977 in relation to the",as well as to other pertinent inter,note of,ding the attention given therein to a,or arbitrary executions;,"teur to visit their countries,",Special Rappo,to cooperate in a similar way;,conditions in places of de,the report of the Special Rapporteur (,asks them to,rrenc,1 Council,"loss of life during situations of public demonstrations,",functio,11 persons,of Priso,t 1949 and,treatment,national,ns;,E/CN.4/1999/L.49,to grant adequate compensation to the victims or their families,of such,the Governments of all States in which the death,not been abolished to comply with their obligations under relevant,keeping in mind the,Urges Governments to undertake all necessary and possible measures,internal,"tension and public emergency or armed
and to ensure that the police and security forces receive thorough",n particular with regard to restrictions on,deprived of,"nity and with respect for the inherent
tention","ners and,",the,of prisoners,"instruments;
E/CN.4/1999/39
nd the recommendations",situations of violations of the right to life by,those Governments that have invited,"rteur,","xamin
invites them to
ns taken on those recommendations,",including those mentioned in the report of the,Commends the important role the Special Rapporteur has played,to collect information from all,"summary or arbitrary executions and
within the framework of the",concerned and to seek the views and,"E/CN.4/1999/L.49
page 4",comments of Governments in order to be able to respond effectively to reliable,information that comes before the Special Rapporteur and to follow up on,communications and country visits;,"11. Requests the Special Rapporteur, in carrying out her mandate:
(a) To continue to examine situations of extrajudicial, summary or","arbitrary executions and to submit her findings on an annual basis, together","with conclusions and recommendations, to the Commission on Human Rights, as","well as such other reports as the Special Rapporteur deems necessary in order
to keep the Commission informed about serious situations of extrajudicial,
summary or arbitrary executions that warrant its immediate attention;","(b) To respond effectively to information which comes before her, in","particular when an extrajudicial, summary or arbitrary execution is imminent","or seriously threatened or when such an execution has occurred;
(c) To enhance further her dialogue with Governments, as well as to
follow up recommendations made in reports after visits to particular",countries;,"(d) To continue to pay special attention to extrajudicial, summary or
arbitrary executions of children and to allegations concerning violations of",the right to life in the context of violence against participants in,demonstrations and other peaceful public manifestations or against persons,"belonging to minorities;
(e) To pay special attention to extrajudicial, summary or arbitrary
executions where the victims are individuals carrying out peaceful activities",in defence of human rights and fundamental freedoms;,(£) To continue monitoring the implementation of existing,international standards on safeguards and restrictions relating to the,"imposition of capital punishment, bearing in mind the comments made by the","Human Rights Committee in its interpretation of article 6 of the International
Covenant on Civil and Political Rights, as well as the Second Optional",Protocol thereto;,"(9) To apply a gender perspective in her work;
12. Urges the Special Rapporteur to draw to the attention of the",United Nations High Commissioner for Human Rights such situations of,"extrajudicial, summary or arbitrary executions as are of particularly serious",concern to her or where early action might prevent further deterioration;,"E/CN.4/1999/L.49
page 5","13. Welcomes the cooperation established between the Special
Rapporteur and other United Nations mechanisms and procedures relating to",human rights and encourages the Special Rapporteur to continue efforts in this,"regard;
14. Strongly urges all Governments:
(a) To cooperate with and assist the Special Rapporteur so that her","mandate may be carried out effectively, including, where appropriate, by","issuing invitations to the Special Rapporteur when she so requests, in keeping","with the usual terms of reference for missions by special rapporteurs of the
Commission on Human Rights;
(b) To respond to the communications transmitted to them by the",Special Rapporteur;,15. Expresses its concern that a number of Governments mentioned in,the report of the Special Rapporteur have not replied to specific allegations,"and reports of extrajudicial, summary or arbitrary executions transmitted to
them by the Special Rapporteur;","16. Encourages Governments, United Nations bodies and organs, the","specialized agencies and intergovernmental and non-governmental organizations,","as appropriate, to initiate, coordinate or support programmes designed to
train and educate military forces, law enforcement officers and government","officials, as well as members of United Nations peacekeeping or observer","missions, on human rights and humanitarian law issues connected with their
work, and appeals to the international community to support endeavours to that
end;",17. Requests the Secretary-General to provide the Special Rapporteur,"with an adequate and stable level of human, financial and material resources","in order to enable her to continue to carry out her mandate effectively,",including through country visits;,18. Also requests the Secretary-General to continue to use his best,endeavours in cases where the minimum standard of legal safeguards provided,"for in articles 6, 9, 14 and 15 of the International Covenant on Civil and
Political Rights appears not to be respected;","19. Further requests the Secretary-General to continue, in close","collaboration with the High Commissioner for Human Rights, in conformity with",the High Commissioner's mandate established by the General Assembly in its,"E/CN.4/1999/L.49
page 6","resolution 48/141 of 20 December 1993, to ensure that personnel specialized in","human rights and humanitarian law issues form part of United Nations missions,","where appropriate, in order to deal with serious human rights violations, such
as extrajudicial, summary or arbitrary executions;","20. Decides to consider the question of extrajudicial, summary or
arbitrary executions as a matter of priority at its fifty-sixth session under","the same agenda item.
"
"UNITED
NATIONS E",Economic and Social bistr.,Council,"E/CN.4/1999/L.72
21 April 1999",Original: ENGLISH,"COMMISSION ON HUMAN RIGHTS
Fifty-fifth session
Agenda item 14 (d)",SPECIFIC GROUPS AND INDIVIDUALS,OTHER VULNERABLE GROUPS AND INDIVIDUALS,"Argentina, Australia*, Austria, Belarus*, Belgium*, Botswana, Bulgaria*,
Cameroon*, Canada, Chile, Croatia*, Cyprus*, El Salvador, Ethiopia*,
Finland*, France, Georgia*, Germany, Greece*, Guatemala, Honduras*,
Kenya*, Latvia, Lithuania*, Madagascar, Nepal, Netherlands*, Peru,
Philippines, Poland, Portugal*, Romania, Slovakia*, South Africa","Spain*, Switzerland*, The former Yugoslav Republic of Macedonia*, Togo*,
Uganda*, Ukraine*, United Kingdom of Great Britain and Northern Ireland,","Zambia*, Zimbabwe*",,,,,,,,,,,,,,,,,,,,,,,,,,,,,,,,,,,,,,,,,,,,,,,,,,,,,,,,,,,,,,,,,,,,,,,,,,,,,,,,,,,,,,,,,,,,,,,,,,,,,,,,,,,,,,,,,,,,,,,,,,,,,,,,,,,,,,,,,,,,,,,,,,,,,,,,,,,,,,,,,,,,,,,,,,,,,,,,,,,,,,,,,,,,,,,,,,,,,,,,
"UNITED
NATIONS E",". . Distr
Economic and Social IMiTED
Council ~","E/CN.4/1999/L.88
22 April 1999",Original: ENGLISH,"COMMISSION ON HUMAN RIGHTS
Fifty-fifth session
Agenda item 17",PROMOTION AND PROTECTION OF HUMAN RIGHTS,"Argentina, Australia*, Austria, Botswana, Canada,
Costa Rica*, France, Italy, Japan, Luxembourqg,","Norway, Peru, Poland, Portugal*, Senegal, Spain*,
Tunisia",,,,,,,,,,,,,,,,,,,,,,,,,,,,,,,,,,,,,,,,,,,,,,,,,,,,,,,,,,,,,,,,,,,,,,,,,,,,,,,,,,,,,,,,,,,,,,,,,,,,,,,,,,,,,,,,,,,,,,,,,,,,,,,,,,,,,,,,,,,,,,,,,,,,,,,,,,,,,,,,,,,,,,,,,,,,,,,,,,,,,,,,,,,,,,,,,,,,,,,,,,,
"UNITED
NATIONS E",Economic and Social bistr.,Council,"E/CN.4/1999/L.56
20 April 1999",Original: ENGLISH,"COMMISSION ON HUMAN RIGHTS
Fifty-fifth session
Agenda item 12",INTEGRATION OF THE HUMAN RIGHTS OF WOMEN AND THE GENDER PERSPECTIVE,"Afghanistan*, Albania*, Angola*, Argentina, Australia*, Austria,
Belarus*, Belgium*, Botswana, Brazil*, Bulgaria*, Canada,
Cape Verde, Chile, Costa Rica*, Cbte d'Ivoire*, Croatia*, Cyprus*,
Czech Republic, Denmark*, Dominican Republic*, FEcuador,
El Salvador, Finland*, Former Yugoslav Republic of Macedonia*,
Germany, Greece*, Haiti*, Hungary*, Iceland*, Ireland, Ttaly,
Japan, Latvia, Liechtenstein*, TLithuania*, Luxembourg, Mexico,
ozambique, Netherlands*, New Zealand*, Norway, Peru, Philippines,
Poland, Portugal*, Romania, Slovenia*, South Africa, Spain*,
Sweden*, Switzerland*, Tunisia, United Kingdom of Great Britain
and Northern Ireland, Uruguay, Venezuela",,,,,,,,,,,,,,,,,,,,,,,,,,,,,,,,,,,,,,,,,,,,,,,,,,,,,,,,,,,,,,,,,,,,,,,,,,,,,,,,,,,,,,,,,,,,,,,,,,,,,,,,,,,,,,,,,,,,,,,,,,,,,,,,,,,,,,,,,,,,,,,,,,,,,,,,,,,,,,,,,,,,,,,,,,,,,,,,,,,,,,,,,,,,,,,,,,,,,,,,,,,
United Nations Eienisinogon. 1o,"Economic and Social Council Distr.: Limited
4 May 1999",Original: English,Commission on Crime Prevention,"and Criminal Justice
Eighth session","Vienna, 27 April-6 May 1999
Agenda item 4
Strategies for crime prevention","Angola, Benin, Botswana, Cameroon, Cote d’Ivoire, Gambia,
Ghana, Kenya, Lesotho, Mozambique, Namibia, South Africa,
Sudan, Swaziland, Togo, Uganda, United Republic of Tanzania,
Zambia and Zimbabwe",,,,,,,,,,,,,,,,,,,,,,,,,,,,,,,,,,,,,,,,,,,,,,,,,,,,,,,,,,,,,,,,,,,,,,,,,,,,,,,,,,,,,,,,,,,,,,,,,,,,,,,,,,,,,,,,,,,,,,,,,,,,,,,,,,,,,,,,,,,,,,,,,,,,,,,,,,,,,,,,,,,,,,,,,,,,,,,,,,,,,,,,,,,,,,,,,,,,,,,,,,,,
United Nations Avcsanas,"V/ \ istr.: Limite
\z@?\} General Assembly Distr: Limited|
S",Original: English,"Fifty-fourth session
Third Committee
Agenda item 109
Advancement of women","Andorra, Antigua and Barbuda, Argentina, Armenia, Australia, Austria,
Bangladesh, Belgium, Benin, Bolivia, Bosnia and Herzegovina, Botswana,
Bulgaria, Cameroon, Canada, Cape Verde, Chile, Congo, Costa Rica, Croatia,
Cyprus, the Czech Republic, Denmark, the Dominican Republic, Ecuador, El
Salvador, Equatorial Guinea, Eritrea, Estonia, Ethiopia, Finland, France,
Germany, Greece, Guyana, Hungary, Iceland, India, Ireland, Israel, Italy,
Japan, Latvia, Liberia, Liechtenstein, Lithuania, Luxembourg, Malaysia,
Mauritius, Mexico, Monaco, Myanmar, Namibia, Nepal, the Netherlands, New
Zealand, Nicaragua, Norway, Panama, Papua New Guinea, Peru, Poland,
Portugal, the Republic of Korea, Romania, Rwanda, San Marino, Senegal,
Slovakia, Slovenia, South Africa, Spain, Sweden, Thailand, The former Yugoslav
Republic of Macedonia, Uganda, the United Kingdom of Great Britain and
Northern Ireland, Venezuela, Zambia and Zimbabwe",,,,,,,,,,,,,,,,,,,,,,,,,,,,,,,,,,,,,,,,,,,,,,,,,,,,,,,,,,,,,,,,,,,,,,,,,,,,,,,,,,,,,,,,,,,,,,,,,,,,,,,,,,,,,,,,,,,,,,,,,,,,,,,,,,,,,,,,,,,,,,,,,,,,,,,,,,,,,,,,,,,,,,,,,,,,,,,,,,,,,,,,,,,,,,,,,,,,,,,,,,,,,,
United Nations Avcassania,"A N . L
{fi’@?\} General Assembly Disr: Limited |
274",Original: English,"Fifty-fourth session
Third Committee
Agenda item 109
Advancement of women","Antigua and Barbuda, Argentina, Bangladesh, Barbados, Belarus, Belize, Benin,
Bolivia, Botswana, Chile, Colombia, Comoros, Costa Rica, Cote d’Ivoire, Cuba,
Dominica, Dominican Republic, El Salvador, Equatorial Guinea, Ethiopia,
Georgia, Ghana, Guatemala, Guinea, Guyana, Haiti, Honduras, Israel, Italy,
Jamaica, Liberia, Liechtenstein, Madagascar, Malawi, Mali, Mexico, Micronesia
(Federated States of), Monaco, Morocco, Mozambique, Namibia, Nicaragua,
Palau, Panama, Paraguay, Peru, Republic of Korea, Republic of Moldova,
Romania, Saint Lucia, Senegal, South Africa, Spain, Suriname, the former
Yugoslav Republic of Macedonia, Trinidad and Tobago, Ukraine, Uruguay and
Venezuela",,,,,,,,,,,,,,,,,,,,,,,,,,,,,,,,,,,,,,,,,,,,,,,,,,,,,,,,,,,,,,,,,,,,,,,,,,,,,,,,,,,,,,,,,,,,,,,,,,,,,,,,,,,,,,,,,,,,,,,,,,,,,,,,,,,,,,,,,,,,,,,,,,,,,,,,,,,,,,,,,,,,,,,,,,,,,,,,,,,,,,,,,,,,,,,,,,,,,,,,,,,,,,
United Nations Avcissana,"A N . L
{fi’@?\} General Assembly Disr: Limited |
274",Original: English,Fifty-fourth session,First Committee,Agenda item 76,General and complete disarmament,"Andorra, Angola, Argentina, Australia, Austria, Bangladesh, Belgium, Benin,
Bolivia, Bosnia and Herzegovina, Botswana, Brazil, Brunei Darussalam,
Bulgaria, Burkina Faso, Burundi, Cameroon, Canada, Cape Verde, Chile,
Colombia, Comoros, Costa Rica, Croatia, Czech Republic, Denmark, Djibouti,
Dominican Republic, Ecuador, El Salvador, Equatorial Guinea, France,
Germany, Guatemala, Guinea, Guinea-Bissau, Guyana, Honduras, Hungary,
Ireland, Italy, Jamaica, Japan, Jordan, Kenya, Lesotho, Liberia, Liechtenstein,
Madagascar, Malaysia, Mali, Mauritius, Mexico, Monaco, Mozambique,
Namibia, Nepal, Netherlands, New Zealand, Nicaragua, Niger, Nigeria, Norway,
Panama, Paraguay, Peru, Philippines, Poland, Portugal, Qatar, Samoa, San
Marino, Senegal, Seychelles, Sierra Leone, Solomon Islands, South Africa,
Sudan, Suriname, Swaziland, Sweden, former Yugoslav Republic of Macedonia,
Togo, United Kingdom of Great Britain and Northern Ireland and Zambia",,,,,,,,,,,,,,,,,,,,,,,,,,,,,,,,,,,,,,,,,,,,,,,,,,,,,,,,,,,,,,,,,,,,,,,,,,,,,,,,,,,,,,,,,,,,,,,,,,,,,,,,,,,,,,,,,,,,,,,,,,,,,,,,,,,,,,,,,,,,,,,,,,,,,,,,,,,,,,,,,,,,,,,,,,,,,,,,,,,,,,,,,,,,,,,,,,,,,,,,,,,
United Nations Asc.issanas,"V/ \ istr.: Limite
(@) Genern Assembly D s,
274",Original: English,Fifty-fourth session,First Committee,Agenda item 76 (1),"General and complete disarmament: towards a nuclear-
weapon-free world: the need for a new agenda","Benin, Bolivia, Botswana, Brazil, Burkina Faso, Burundi, Cameroon, Chile,
Colombia, Costa Rica, Cote d’Ivoire, Dominican Republic, Ecuador, Egypt, El
Salvador, Fiji, Ghana, Grenada, Guatemala, Haiti, Honduras, Ireland, Kenya,
Lesotho, Liberia, Madagascar, Malaysia, Mali, Mexico, New Zealand,
Nicaragua, Niger, Nigeria, Panama, Papua New Guinea, Peru, Philippines,
Samoa, San Marino, Sierra Leone, Solomon Islands, South Africa, Swaziland,
Sweden, Thailand, Togo, Uganda, Uruguay, Venezuela, Viet Nam, Zambia and
Zimbabwe",,,,,,,,,,,,,,,,,,,,,,,,,,,,,,,,,,,,,,,,,,,,,,,,,,,,,,,,,,,,,,,,,,,,,,,,,,,,,,,,,,,,,,,,,,,,,,,,,,,,,,,,,,,,,,,,,,,,,,,,,,,,,,,,,,,,,,,,,,,,,,,,,,,,,,,,,,,,,,,,,,,,,,,,,,,,,,,,,,,,,,,,,,,,,,,,,,,,,,,,,,,
United Nations Avc.1/54/034,"V/ \ istr.: Limite
\z@?\} General Assembly Dist: Limited|
S",Original: English,Fifty-fourth session,First Committee,Agenda item 76 (m),"General and complete disarmament: nuclear-weapon-free southern
hemisphere and adjacent areas","Angola, Argentina, Bahamas, Barbados, Benin, Bolivia, Bosnia and
Herzegovina, Botswana, Brazil, Brunei Darussalam, Burkina Faso, Cape Verde,
Central African Republic, Chad, Chile, Colombia, Costa Rice, Cote d’Ivoire,
Democratic Republic of the Congo, Djibouti, Dominican Republic, Ecuador,
Egypt, El Salvador, Ethiopia, Fiji, Gabon, Ghana, Grenada, Guatemala, Guinea-
Bissau, Guyana, Haiti, Indonesia, Kenya, Kyrgyzstan, Liberia, Malaysia,
Mexico, Mozambique, Namibia, New Zealand, Nicaragua, Nigeria, Panama,
Papua New Guinea, Paraguay, Peru, Samoa, Sao Tome and Principe, Sierra
Leone, Singapore, Solomon Islands, South Africa, Sudan, Suriname, Thailand,
Togo, Trinidad and Tobago, United Republic of Tanzania, Uruguay, Venezuela,
Viet Nam and Zambia",,,,,,,,,,,,,,,,,,,,,,,,,,,,,,,,,,,,,,,,,,,,,,,,,,,,,,,,,,,,,,,,,,,,,,,,,,,,,,,,,,,,,,,,,,,,,,,,,,,,,,,,,,,,,,,,,,,,,,,,,,,,,,,,,,,,,,,,,,,,,,,,,,,,,,,,,,,,,,,,,,,,,,,,,,,,,,,,,,,,,,,,,,,,,,,,,,,,,,,,,,,
United Nations Avc.1/saas,"A N . L
{fi’@?\} General Assembly Disr: Limited |
274",Original: English,Fifty-fourth session,First Committee,Agenda item 76 (0),General and complete disarmament: illicit traffic in small arms,"Argentina, Australia, Austria, Bangladesh, Belgium, Botswana, Brazil,
Cameroon, Canada, Chile, Colombia, Congo, Costa Rica, Cote d’Ivoire, Croatia,
Denmark, Ecuador, Finland, Germany, Ghana, Guatemala, Guinea, Guinea-
Bissau, Guyana, Hungary, Ireland, Italy, Japan, Kenya, Kyrgyzstan, Lesotho,
Liechtenstein, Lithuania, Luxembourg, Madagascar, Mexico, Mozambique,
Namibia, Netherlands, New Zealand, Niger, Nigeria, Norway, Peru, Poland,
Portugal, Republic of Korea, Republic of Moldova, Romania, San Marino,
Senegal, Slovenia, Solomon Islands, South Africa, Spain, Swaziland, Sweden, The
former Yugoslav Republic of Macedonia, Togo, Uganda, United Kingdom of
Great Britain and Northern Ireland, United Republic of Tanzania, United States
of America, Uruguay, Zambia and Zimbabwe",,,,,,,,,,,,,,,,,,,,,,,,,,,,,,,,,,,,,,,,,,,,,,,,,,,,,,,,,,,,,,,,,,,,,,,,,,,,,,,,,,,,,,,,,,,,,,,,,,,,,,,,,,,,,,,,,,,,,,,,,,,,,,,,,,,,,,,,,,,,,,,,,,,,,,,,,,,,,,,,,,,,,,,,,,,,,,,,,,,,,,,,,,,,,,,,,,,,,,,,,,,
United Nations A/c.3/54/L.14/Rev.1,"A N . L
{fi’@?\} General Assembly Dise: Limited |
274",Original: English,"Fifty-fourth session
Third Committee
Agenda item 109
Advancement of women","Algeria, Andorra, Antigua and Barbuda, Argentina, Australia, Bahamas,
Bangladesh, Barbados, Belarus, Belize, Benin, Bhutan, Bolivia, Botswana,
Brazil, Burkina Faso, Cameroon, Canada, Chile, Colombia, Comoros, Costa
Rica, Croatia, Cote d’Ivoire, Cuba, Cyprus, Dominica, Dominican Republic,
Ecuador, El Salvador, Equatorial Guinea, Ethiopia, France, Gambia, Georgia,
Ghana, Guatemala, Guinea, Guyana, Haiti, Honduras, Hungary, Iceland, India,
Indonesia, Ireland, Israel, Italy, Jamaica, Kuwait, Liberia, Liechtenstein,
Lithuania, Madagascar, Malawi, Mali, Mexico, Micronesia (Federated States
of), Monaco, Morocco, Mozambique, Namibia, New Zealand, Nicaragua,
Norway, Palau, Pakistan, Panama, Paraguay, Peru, Portugal, Republic of Korea,
Republic of Moldova, Romania, Rwanda, Saint Kitts and Nevis, Saint Lucia, San
Marino, Senegal, Slovenia, Solomon Islands, South Africa, Spain, Sudan,
Suriname, Tajikistan, Thailand, the former Yugoslav Republic of Macedonia,
Trinidad and Tobago, Tunisia, Uganda, Ukraine, Uruguay and Venezuela:
",,,,,,,,,,,,,,,,,,,,,,,,,,,,,,,,,,,,,,,,,,,,,,,,,,,,,,,,,,,,,,,,,,,,,,,,,,,,,,,,,,,,,,,,,,,,,,,,,,,,,,,,,,,,,,,,,,,,,,,,,,,,,,,,,,,,,,,,,,,,,,,,,,,,,,,,,,,,,,,,,,,,,,,,,,,,,,,,,,,,,,,,,,,,,,,,,,,,,,,,,,,,,,
United Nations Asanie,"A N . L
{fi’@?\} General Assembly Dise: Limited |
274",Original: English,Fifty-fourth session,Agenda item 37,"Implementation of the outcome of the World Summit for
Social Development","Algeria, Andorra, Angola, Antigua and Barbuda, Argentina, Armenia,
Australia, Austria, Bahamas, Bangladesh, Barbados, Belgium, Benin, Bhutan,
Bolivia, Bosnia and Herzegovina, Botswana, Brazil, Bulgaria, Burkina Faso,
Cameroon, Canada, Cape Verde, Chile, China, Colombia, the Congo, Costa Rica,
Cote d’Ivoire, Croatia, Cuba, Cyprus, Denmark, Dominican Republic, Ecuador,
Egypt, El Salvador, Eritrea, Ethiopia, Fiji, Finland, France, Germany, Ghana,
Greece, Guatemala, Guyana, Haiti, Hungary, Iceland, India, Indonesia, Iran
(Islamic Republic of), Ireland, Israel, Italy, Jamaica, Japan, Kazakhstan, Kenya,
Kyrgyzstan, Latvia, Lesotho, Liechtenstein, Lithuania, Luxembourg,
Madagascar, Malaysia, Maldives, Mexico, Monaco, Mongolia, Morocco,
Namibia, Nepal, Netherlands, New Zealand, Nicaragua, Nigeria, Norway,
Pakistan, Panama, Papua New Guinea, Paraguay, Peru, Philippines, Portugal,
Republic of Korea, Republic of Moldova, Romania, Russian Federation, Saint
Lucia, San Marino, Senegal, Singapore, Slovenia, South Africa, Spain, Sudan,
Swaziland, Sweden, Thailand, The former Yugoslav Republic of Macedonia,
Trinidad and Tobago, Tunisia, Turkey, Uganda, Ukraine, United Kingdom of
Great Britain and Northern Ireland, United Republic of Tanzania, United States
of America, Uruguay, Venezuela, Viet Nam and Zimbabwe",,,,,,,,,,,,,,,,,,,,,,,,,,,,,,,,,,,,,,,,,,,,,,,,,,,,,,,,,,,,,,,,,,,,,,,,,,,,,,,,,,,,,,,,,,,,,,,,,,,,,,,,,,,,,,,,,,,,,,,,,,,,,,,,,,,,,,,,,,,,,,,,,,,,,,,,,,,,,,,,,,,,,,,,,,,,,,,,,,,,,,,,,,,,,,,,,,,,,,,,,,,,
United Nations Avcassan.as,"A, N T",\f@?\} General Assembly Dist: Limited,"“Q 4/,/ English
Original: Arabic",Fifty-fourth session,Third Committee,Agenda item 112,Promotion and protection of the rights of children,"Afghanistan, Andorra, Angola, Argentina, Australia, Bahamas, Bangladesh,
Barbados, Belgium, Benin, Botswana, Brazil, Bulgaria, Burkina Faso, Canada,
Cape Verde, Chile, China, Colombia, Congo, Costa Rica, Cote d’Ivoire, Croatia,
Cuba, Democratic Republic of the Congo, Dominican Republic, Ecuador,
Equatorial Guinea, Eritrea, Ethiopia, Fiji, Finland, France, Germany, Ghana,
Guatemala, Guinea, Guyana, Haiti, Hungary, Iceland, Ireland, Italy, Kenya,
Lesotho, Liberia, Liechtenstein, Luxembourg, Malawi, Malaysia, Mali,
Mauritius, Monaco, Mozambique, Namibia, Nepal, Netherlands, Nigeria,
Norway, Papua New Guinea, Paraguay, Peru, Poland, Portugal, Romania,
Rwanda, Saint Lucia, Senegal, Seychelles, Singapore, Slovenia, Solomon Islands,
South Africa, Suriname, Swaziland, Sweden, the former Yugoslav Republic of
Macedonia, Ukraine, United Kingdom of Great Britain and Northern Ireland,
United Republic of Tanzania, Uruguay, Venezuela, Zambia and Zimbabwe",,,,,,,,,,,,,,,,,,,,,,,,,,,,,,,,,,,,,,,,,,,,,,,,,,,,,,,,,,,,,,,,,,,,,,,,,,,,,,,,,,,,,,,,,,,,,,,,,,,,,,,,,,,,,,,,,,,,,,,,,,,,,,,,,,,,,,,,,,,,,,,,,,,,,,,,,,,,,,,,,,,,,,,,,,,,,,,,,,,,,,,,,,,,,,,,,,,,,,,,,,
United Nations Avcasans,"A N . L
{fi’@?\} General Assembly Distr: Limited
274",Original: English,Fifty-fourth session,Third Committee,Agenda item 116 (b),"Human rights questions: human rights questions, including alternative
approaches for improving the effective enjoyment of human",rights and fundamental freedoms,"Algeria, Angola, Bangladesh, Botswana, Burundi, Cambodia, China, Colombia,
Cuba, Democratic People’s Republic of Korea, Democratic Republic of the
Congo, Egypt, El Salvador, Equatorial Guinea, Indonesia, Iran (Islamic Republic
of), Iraq, Lao People’s Democratic Republic, Libyan Arab Jamahiriya, Malaysia,
Mali, Mexico, Myanmar, Namibia, Nigeria, Peru, Rwanda, Sudan, Syrian Arab
Republic, Togo, Viet Nam, Yemen, Zambia and Zimbabwe",,,,,,,,,,,,,,,,,,,,,,,,,,,,,,,,,,,,,,,,,,,,,,,,,,,,,,,,,,,,,,,,,,,,,,,,,,,,,,,,,,,,,,,,,,,,,,,,,,,,,,,,,,,,,,,,,,,,,,,,,,,,,,,,,,,,,,,,,,,,,,,,,,,,,,,,,,,,,,,,,,,,,,,,,,,,,,,,,,,,,,,,,,,,,,,,,,,,,,,,,,
United Nations Acasan.ss,"V/ \ Distr.: Limited
g@?\} General Assembly Distr: Limited
S",Original: English,Fifty-fourth session,Third Committee,Agenda item 116 (b),"Human rights questions: human rights questions, including alternative
approaches for improving the effective enjoyment of human rights and
fundamental freedoms","Andorra, Argentina, Armenia, Australia, Austria, Bangladesh, Belgium, Benin,
Botswana, Bulgaria, Canada, Chad, Chile, Colombia, Denmark, Ethiopia,
Finland, France, Germany, Haiti, Hungary, Iceland, Ireland, Israel, Italy,
Japan, Lithuania, Luxembourg, Mali, Micronesia (Federated States of), Monaco,
Netherlands, Norway, Paraguay, Poland, Portugal, Republic of Korea, San
Marino, Spain, Thailand, United Kingdom of Great Britain and Northern
Ireland and the United States of America",,,,,,,,,,,,,,,,,,,,,,,,,,,,,,,,,,,,,,,,,,,,,,,,,,,,,,,,,,,,,,,,,,,,,,,,,,,,,,,,,,,,,,,,,,,,,,,,,,,,,,,,,,,,,,,,,,,,,,,,,,,,,,,,,,,,,,,,,,,,,,,,,,,,,,,,,,,,,,,,,,,,,,,,,,,,,,,,,,,,,,,,,,,,,,,,,,,,,,,,,,,
United Nations Assa e,"V/ \ Distr.: Limited
g@?\} General Assembly Distr: Limited
S",Original: English,Fifty-fourth session,Agenda item 22,"Building a peaceful and better world through sport and the
Olympic ideal","Albania, Algeria, Andorra, Angola, Antigua and Barbuda, Argentina, Armenia,
Australia, Austria, Azerbaijan, Bahamas, Bahrain, Bangladesh, Barbados,
Belarus, Belize, Benin, Bhutan, Bolivia, Bosnia and Herzegovina, Botswana,
Brazil, Brunei Darussalam, Bulgaria, Burkina Faso, Burundi, Cambodia,
Cameroon, Canada, Cape Verde, Central African Republic, Chad, Chile, China,
Colombia, Comoros, Congo, Costa Rica, Cote d’Ivoire, Croatia, Cyprus, Czech
Republic, Democratic People’s Republic of Korea, Democratic Republic of the
Congo, Denmark, Djibouti, Dominica, Dominican Republic, Ecuador, Egypt, El
Salvador, Equatorial Guinea, Eritrea, Estonia, Ethiopia, Fiji, Finland, France,
Gabon, Gambia, Georgia, Germany, Ghana, Greece, Grenada, Guatemala,
Guinea, Guinea-Bissau, Guyana, Haiti, Honduras, Iceland, India, Indonesia,
Iraq, Ireland, Israel, Italy, Jamaica, Japan, Jordan, Kazakhstan, Kenya,
Kuwait, Kyrgyzstan, Latvia, Lebanon, Lesotho, Liberia, Liechtenstein,
Lithuania, Luxembourg, Madagascar, Malawi, Malaysia, Maldives, Mali, Malta,
Marshall Islands, Mauritania, Mauritius, Micronesia (Federated States of),
Monaco, Mongolia, Morocco, Mozambique, Myanmar, Namibia, Nepal,
Netherlands, New Zealand, Nicaragua, Niger, Nigeria, Norway, Oman, Pakistan,
Panama, Papua New Guinea, Paraguay, Peru, Philippines, Poland, Portugal,
Qatar, Republic of Korea, Romania, Russian Federation, Rwanda, Saint Kitts
and Nevis, Saint Lucia, Saint Vincent and the Grenadines, Samoa, San Marino,
Saudi Arabia, Senegal, Seychelles, Sierra Leone, Singapore, Slovakia, Slovenia,
Solomon Islands, South Africa, Spain, Sudan, Suriname, Swaziland, Sweden,
Syrian Arab Republic, Tajikistan, Thailand, the former Yugoslav Republic of
Macedonia, Togo, Trinidad and Tobago, Tunisia, Turkey, Turkmenistan,
Uganda, Ukraine, United Arab Emirates, United Kingdom of Great Britain and
Northern Ireland, United Republic of Tanzania, United States of America,
Uruguay, Venezuela, Viet Nam, Yemen, Zambia and Zimbabwe",,,,,,,,,,,,,,,,,,,,,,,,,,,,,,,,,,,,,,,,,,,,,,,,,,,,,,,,,,,,,,,,,,,,,,,,,,,,,,,,,,,,,,,,,,,,,,,,,,,,,,,,,,,,,,,,,,,,,,,,,,,,,,,,,,,,,,,,,,,,,,,,,,,,,,,,,,,,,,,,,,,,,,,,,,,,,,,,,,,,,,,,,,,,,,,,,,,,,,,,,,,,
United Nations Acasan.os,"V/ \ Distr.: Limited
g@?\} General Assembly Distr: Limited
S",Original: English,Fifty-fourth session,Third Committee,Agenda item 111,"Report of the United Nations High Commissioner for
Refugees, questions relating to refugees, returnees
and displaced persons and humanitarian questions","Afghanistan, Bangladesh, Botswana, Cameroon, Céte d’Ivoire, Dominican
Republic, Ecuador, El Salvador, Ethiopia, Iran (Islamic Republic of), Jordan,
Kenya, Madagascar, Malawi, Morocco, Nigeria, Pakistan, Panama, Qatar,
Sierra Leone, Sudan, Syrian Arab Republic and Yemen",,,,,,,,,,,,,,,,,,,,,,,,,,,,,,,,,,,,,,,,,,,,,,,,,,,,,,,,,,,,,,,,,,,,,,,,,,,,,,,,,,,,,,,,,,,,,,,,,,,,,,,,,,,,,,,,,,,,,,,,,,,,,,,,,,,,,,,,,,,,,,,,,,,,,,,,,,,,,,,,,,,,,,,,,,,,,,,,,,,,,,,,,,,,,,,,,,,,,,,,,,,
United Nations Avcaisanos,"V/ \ Distr.: Limited
g@?\} General Assembly Distr: Limited
S",Original: English,Fifty-fourth session,Third Committee,Agenda item 111,"Report of the United Nations High Commissioner for Refugees,
questions relating to refugees, returnees and displaced persons and
humanitarian questions","Andorra, Angola, Argentina, Armenia, Australia, Austria, Belgium, Benin,
Bolivia, Botswana, Bulgaria, Burkina Faso, Burundi, Cameroon, Canada, Cape
Verde, Chad, Chile, China, Colombia, Congo, Costa Rica, Céte d’Ivoire, Croatia,
Cyprus, Czech Republic, Denmark, Ecuador, El Salvador, Eritrea, Ethiopia,
Fiji, Finland, France, Gambia, Georgia, Germany, Ghana, Greece, Grenada,
Guatemala, Guinea, Guinea-Bissau, Haiti, Hungary, Iceland, Ireland, Israel,
Italy, Japan, Kenya, Liberia, Liechtenstein, Lithuania, Luxembourg, Mali,
Malta, Mexico, Monaco, Morocco, Netherlands, New Zealand, Nicaragua, Niger,
Nigeria, Norway, Peru, Poland, Portugal, Republic of Korea, Romania, Russian
Federation, San Marino, Senegal, Sierra Leone, Slovakia, Slovenia, South Africa,
Spain, Swaziland, Sweden, Thailand, the former Yugoslav Republic of
Macedonia, Togo, Ukraine, United Kingdom of Great Britain and Northern
Ireland, United States of America, Zambia and Zimbabwe",,,,,,,,,,,,,,,,,,,,,,,,,,,,,,,,,,,,,,,,,,,,,,,,,,,,,,,,,,,,,,,,,,,,,,,,,,,,,,,,,,,,,,,,,,,,,,,,,,,,,,,,,,,,,,,,,,,,,,,,,,,,,,,,,,,,,,,,,,,,,,,,,,,,,,,,,,,,,,,,,,,,,,,,,,,,,,,,,,,,,,,,,,,,,,,,,,,,,,,,,,,
United Nations Avsansi,"V/ \ Distr.: Limited
g@?\} General Assembly Distr Limited
S",Original: English,Fifty-fourth session,Agenda item 101 (a),"Operational activities for development: operational activities for
development of the United Nations system","Algeria, Angola, Argentina, Australia, Austria, Azerbaijan, Bangladesh,
Barbados, Belgium, Benin, Bhutan, Bolivia, Botswana, Bulgaria, Burkina Faso,
Cambodia, Canada, Cape Verde, Chile, China, Colombia, Costa Rica, Croatia,
Cuba, Cyprus, Czech Republic, Denmark, Ecuador, Egypt, El Salvador, Estonia,
Ethiopia, Fiji, Finland, France, Georgia, Germany, Ghana, Greece, Grenada,
Guatemala, Guyana, Haiti, Hungary, Iceland, Indonesia, Iran (Islamic Republic
of), Ireland, Italy, Jamaica, Kazakhstan, Kenya, Lao People’s Democratic
Republic, Latvia, Lebanon, Lesotho, Liechtenstein, Lithuania, Luxembourg,
Malaysia, Mali, Malta, Mexico, Morocco, Myanmar, Namibia, Netherlands, New
Zealand, Niger, Nigeria, Norway, Oman, Pakistan, Panama, Paraguay, Peru,
Philippines, Poland, Portugal, Republic of Korea, Republic of Moldova,
Romania, Saint Lucia, Samoa, San Marino, Saudi Arabia, Singapore, Slovenia,
Solomon Islands, Spain, Suriname, Swaziland, Sweden, Tajikistan, Thailand, the
former Yugoslav Republic of Macedonia, Trinidad and Tobago, Tunisia,
Ukraine, United Kingdom of Great Britain and Northern Ireland, United States
of America, Venezuela and Viet Nam",,,,,,,,,,,,,,,,,,,,,,,,,,,,,,,,,,,,,,,,,,,,,,,,,,,,,,,,,,,,,,,,,,,,,,,,,,,,,,,,,,,,,,,,,,,,,,,,,,,,,,,,,,,,,,,,,,,,,,,,,,,,,,,,,,,,,,,,,,,,,,,,,,,,,,,,,,,,,,,,,,,,,,,,,,,,,,,,,,,,,,,,,,,,,,,,,,,,,,,,,,,,
United Nations Assan7a/add 1,"V/ \Q Distr.: Limited
\‘\{ )\'\/, General Assembly Distrs Limited
) S=24",Original: English,Fifty-fourth session,Agenda item 20,"Strengthening of the coordination of humanitarian and disaster relief
assistance of the United Nations, including special economic assistance","China, Cuba, Guyana, India, Mexico and South Africa",,,,,,,,,,,,,,,,,,,,,,,,,,,,,,,,,,,,,,,,,,,,,,,,,,,,,,,,,,,,,,,,,,,,,,,,,,,,,,,,,,,,,,,,,,,,,,,,,,,,,,,,,,,,,,,,,,,,,,,,,,,,,,,,,,,,,,,,,,,,,,,,,,,,,,,,,,,,,,,,,,,,,,,,,,,,,,,,,,,,,,,,,,,,,,,,,,,,,,,,,,,,
