0,1,2,3,4,5,6,7,8,9,10,11,12,13,14,15,16
United Nations E/cnsinogons,"Economic and Social Council S L g
ruary",Original: English,Commission for Social Development,Thirty-seventh session,9-19 February 1999,Agenda item 3 (b),"Follow-up to the World Summit for Social Development: review of
relevant United Nations plans and programmes of action pertaining to
the situation of social groups",Croatia and Dominican Republic,,,,,,,,
"UNITED
NATIONS E",Economic and Social bistr.,Council,"E/CN.4/1999/L.97
22 April 1999",Original: ENGLISH,"COMMISSION ON HUMAN RIGHTS
Fifty-fifth session
Agenda item 17",PROMOTION AND PROTECTION OF HUMAN RIGHTS,"Austria, Botswana, Bulgaria*, Canada, Chile, Colombia, Costa Rica*,","Croatia*, Denmark*, Dominican Republic*, FEcuador, El1 Salvador, Estonia*,","Finland*, Germany, Guatemala, Hungary*, Iceland*, Liechtenstein*,","Madagascar, Nicaragua*, Norway, Poland, Portugal*, Romania, Senegal,","Slovakia*, Slovenia*, South Africa, Spain*, Sweden*, Switzerland*,
Ukraine*, Urugquay",,,,,
"UNITED
NATIONS E","Economic and Social bistr.
Council","E/CN.4/1999/L.17
16 April 1999",Original: ENGLISH,"COMMISSION ON HUMAN RIGHTS
Fifty-fifth session
Agenda item 10","ECONOMIC, SOCIAL AND CULTURAL RIGHTS","Angola*, Cameroon*, China, Congo, Cuba, Democratic Republic of the","Congo, Democratic People's Republic of Korea*, Dominican Republic*,
Ghana*, Haiti*, Trag*, Islamic Republic of Tran*, Libyan Arab","Jamahiriva*, Madagascar, Mozambique, Nigeria*, Rwanda*, Viet Nam*,
Yemen*, Zimbabwe*",,,,,,,,
"UNITED
NATIONS E",Economic and Social,Council LIMITED,"E/CN.4/1999/L.82
22 April 1999",Original: ENGLISH,"COMMISSION ON HUMAN RIGHTS
Fifty-fifth session
Agenda item 18 (b)",EFFECTIVE FUNCTIONING OF HUMAN RIGHTS MECHANISMS,NATIONAL INSTITUTIONS AND REGIONAL ARRANGEMENTS,"Argentina, Australia*, Austria, Belgium*, Botswana, Brazil*,","Bulgaria*, Canada, Cape Verde, Dominican Republic*, E1 Salvador,","France, Germany, Greece*, Honduras*, Hungaryv*, Ireland, Italy,","Japan, Lithuania*, Madagascar, Malta*, New Zealand*, Norway,","Philippines, Portugal*, Romania, Senegal, South Africa, Spain*,","Ukraine*, United Kingdom of Great Britain and Northern Ireland,
Uruguay, Venezuela",,,
"UNITED
NATIONS",Council,"COMMISSION ON HUMAN RIGHTS
Fifty-fifth session
Agenda item 11 (c)",Economic and Social,Distr,"LIMITED
E/CN.4/1999/L.52
20 April 1999
Origina ENGLISH",CIVIL AND POLITICAL RIGHTS,FR,"T,",.EDOM OF EXPRESSION,"Afghanistan*, Albania*, Argentina, Australia*, Austria,
Bangladesh, Belarus*, Belgium*, Botswana, Brazil*,
Bulgaria*, Canada, Cape Verde, Chile, Cbte d'Ivoire*,
Cyprus*, Czech Republic, Denmark*, Dominican Republic*,",,,,,,
"UNITED
NATIONS E","Economic and Social DiStr;
Council","E/CN.4/1999/L.101
23 April 1999",Original: ENGLISH,"COMMISSION ON HUMAN RIGHTS
Fifty-fifth session
Agenda item 20",RATIONALIZATION OF THE WORK OF TH,"T,",3|,COMMISSION,"Afghanistan*, Argentina, Australia*, Austria, Belgium*,
Botswana, Brazil*, Bulgaria*, Canada, Cape Verde, Chile,
Colombia, Costa Rica*, Croatia*, Czech Republic, Denmark*,
Dominican Republic*, Fcuador, El1 Salvador, Estonia*, Finland*,
France, Germany, Greece*, Guatemala, Hungarvy*, Ireland, Italy,
Japan, Latvia, Liechtenstein*, Lithuania*, Luxembourg, Mozambigque,
Netherlands*, New Zealand*, Nicaragua*, Norway, Paraquay*, Poland,
Portugal*, Romania, Slovakia*, Slovenia*, South Africa, Spain*,
Sweden*, Switzerland*, United Kingdom of Great Britain and
Northern Ireland, United States of America, Uruguay",,,,,,,
"UNITED
NATIONS E",Economic and Social,Council E/CN.4/1999/L.96,23 April 1999,Original: ENGLISH,"COMMISSION ON HUMAN RIGHTS
Fifty-fifth session
Agenda item 17 (c)",PROMOTION AND PROTECTION OF HUMAN RIGHTS,INFORMATION AND EDUCATION,"Angola*, Argentina, Cameroon*, Canada, Colombia, Costa Rica*,
Cbte d'Ivoire*, Croatia*, Cyprus*, Czech Republic, Denmark*,
Dominican Republic*, FEcuador, El Salvador, Ethiopia*, Georgia*,
Greece*, Guatemala, Haiti*, Honduras*, TItaly, Japan, Mexico,
Nicaragua*, Paraguay*, Peru, Philippines, Portugal*, Rwanda,","South Africa, Tunisia, Uruguay, Venezuela",,,,,,,
"UNITED
NATIONS E",Economic and Social bistr.,Council,"E/CN.4/1999/L.98
22 April 1999",Original: ENGLISH,"COMMISSION ON HUMAN RIGHTS
Fifty-fifth session
Agenda item 17 (b)","PROMOTION AND PROTECTION OF HUMAN RIGHTS
HUMAN RIGHTS DEFENDERS","Argentina, Australia*, Belarus*, Belgium*, Botswana, Brazil*,
Bulgaria*, Canada, Chile, Costs Rica*, Croatia*, Czech Republic,
Denmark*, Dominican Republic*, FEcuador, E1 Salvador, Estonia*,
Finland*, France, Georgia*, Germany, Greece*, Guatemala, Hungary*,
Iceland*, Ireland, Ttaly, Japan, Latvia, Liechtenstein*,
Lithuania*, Luxemburg, Madagascar, Netherlands*, New Zealand*,
Nicaragua*, Norway, Pakistan, Paraguay*, Poland, Portugal*,
Romania, Russian Federation, Senegal, Slovakia*, South Africa,
Spain*, Sweden*, Switzerland*, Ukraine*, United Kingdom of","Great Britain and Northern Ireland, United States of America,
Uruguay, Venezuela",,,,,,,,
"UNITED
NATIONS E",Economic and Social,Council E/CN.4/1999/L.43,19 April 1999,Original: ENGLISH,"COMMISSION ON HUMAN RIGHTS
Fifty-fifth session
Agenda item 11 (a)",CIVIL AND POLITICAL RIGHTS: TORTURE AND DETENTION,"Argentina, Australia*, Austria, Belarus*, Brazil*, Bulgaria*, Cameroon%*,
Canada, Cape Verde, Chile, Colombia, Costa Rica*, Croatia*, Cyprus*,
Czech Republic, Denmark*, Dominican Republic*, Ecuador, El Salvador,
Finland*, France, Georgia*, Germany, Greece*, Guatemala, Haiti*,
Honduras*, Hungry*, Ireland, Ttaly, Liechtenstein*, TLuxembourg, Mexico,
Nepal, Netherlands*, Norway, Peru, Poland, Portugal*, Romania,
Russian Federation, Senegal, Slovakia*, Slovenia*, South Africa, Spain*,
Sweden*, Switzerland*, The former Yugoslav Republic of Macedonia*,
United Kingdom of Great Britain and Northern Ireland, Uruguay,
Venezuela",,,,,,,,,
"UNITED
NATIONS E",Economic and Social bistr.,Council E/CN.4/1999/L.53,19 April 1999,"ENGLISH
Original: FRENCH","COMMISSION ON HUMAN RIGHTS
Fifty-fifth session
Agenda item 11",CIVIL AND POLITICAL RIGHTS,"Albania*, Argentina, Austria, Belgium*, Bulgaria*, Canada, Chile,
Colombia*, Costa Rica*, Cyprus*, Czech Republic, Denmark*,
Dominican Republic*, FEcuador, Finland*, France, Germany, Greece*,
Guinea*, Hungary, Ireland, Ttaly, Liechtenstein*, Lithuania*,
Luxembourg, the former Yugoslav Republic of Macedonia*,
Madagascar, Netherlands*, Norway, Poland, Portugal*, Romania,
Senegal, Slovakia*, Spain*, Sweden*, Switzerland*, United Kingdom
of Great Britain and Northern Treland, Uruguay",,,,,,,,,
United Nations E/cne19991.7,"Economic and Social Council Distr: Limited
arch 1999",Original: English,Commission on the Status of Women,Forty-third session,1-12 March 1999,Agenda item 3 (a),"Follow-up to the Fourth World Conference on Women: review of
mainstreaming in organizations of the United Nations system","Argentina,” Australia,” Austria,” Belgium, Canada, *Chile, Denmark, *
Dominican Republic, Ecuador,” Finland,” France, Germany, Ghana,
Ireland,” Italy, Japan, Kyrgyzstan, Luxembourg, ‘Netherlands, *
Norway, Paraguay, Peru, Portugal,” Spain,” Sweden,” Turkey, United
Kingdom of Great Britain and Northern Ireland and United States of
America",,,,,,,,
"UNITED
NATIONS E","Economic and Social bistr.
Council","E/CN.4/1999/L.31
16 April 1999",Original: ENGLISH,"COMMISSION ON HUMAN RIGHTS
Fifty-fifth session
Agenda item 9","QUESTION OF THE VIOLATION OF HUMAN RIGHTS AND FUNDAMENTAL FREEDOMS
IN ANY PART OF THE WORLD","Argentina, Australia*, Austria, Brazil*, Canada, Chile, Denmark*,
Dominican Republic*, El1 Salvador, Haiti*, Honduras*, Hungary*
Ireland, Italy, Japan, Latvia, Netherlands*, Norway, Poland,
Romania, Slovakia*, Sweden*, Switzerland*, United Kingdom of
Great Britain and Northern Ireland, United States of America",and Uruguay,,,,,,,,,
"UNITED
NATIONS E",Economic and Social,Council,"E/CN.4/1999/L.33
16 April 1999",Original: ENGLISH,"COMMISSION ON HUMAN RIGHTS
Fifty-fifth session
Agenda item 10","ECONOMIC, SOCIAL AND CULTURAL RIGHTS","Bangladesh, Cameroon*, Cuba, Dominican Republic*, Egypt*, Ethiopia*,
Ghana*, India, Iran (Islamic Republic of)*, Pakistan, Philippines,","Sudan, Zimbabwe*",,,,,,,,
"UNITED
NATIONS E",Economic and Social bistr.,Council E/CN.4/1999/L.35,19 April 1999,"ENGLISH
Original: FRENCH","COMMISSION ON HUMAN RIGHTS
Fifty-fifth session
Agenda item 10","ECONOMIC, SOCIAL AND CULTURAL RIGHTS","Afghanistan*, Algeria*, Angola*, Argentina, Bangladesh, Belarus*,
Belgium*, Bhutan, Brazil*, Bulgaria*, Cameroon*, Cape Verde,
Chile, Colombia, Congo, Costa Rica*, Cbéte d'Ivoire*, Cuba,
Cyprus*, Denmark*, Dominican Republic*, Ecuador, Egypt*,","El Salvador, Ethiopia*, France, Greece*, Guatemala, Honduras*,
India, Trag*, Ttaly, Luxembourqg, Madagascar, Mexico, Morocco,
Nepal, Peru, Philippines, Poland, Portugal*, Romania,","Russian Federation, Rwanda, San Marino*, Senegal, Slovakia*,
South Africa, Spain*, Sweden*, Ukraine*, Uruquay, Venezuela,",Yemen*,,,,,,
UNITED,NATIONS,"Economic and Social
CounCII LIMITED","E/CN.4/1999/L.51
19 April 1999",Original: ENGLISH,COMMISSION ON HUMAN RIGHTS,"Fifty-£f
Agenda",INTEGRATION OF THE HUMAN RIGHTS OF WOMEN AND THE GENDER PERSPECTIVE,"ifth session
item 12","Afghanistan*, Albania*, Angola*, Argentina, Australia*, Austria,","Bangladesh, Belarus*, Bolivia*, Botswana, Brazil*, Bulgaria*,
Cameroon*, Canada, Cape Verde, Chile, Colombia, Costa Rica*,","The Commission on Human Rights,","Croatia*, Cyprus*, Czech Republic, Denmark*, Dominican Republic*,
E1","Ecuador, | Salvador, Ethiopia*, Finland*, Germany, Greece*,
Guatemala, Honduras*, Ireland, Ttaly, Kenya*, Latvia,
Liechtenstein*, TLithuania*, Luxembourg, Madagascar, Mexico,
ozambique, Netherlands*, New Zealand*, Nicaragua*, Nigeria,
Norway, Paragquay*, Peru, Philippines, Poland, Portugal*, Romania,
Senegal, Slovenia*, South Africa, Spain*, Sweden*, Switzerland*,","The former Yugoslav Republic of Macedonia*, Tunisia,","United Kingdom of Great Britain and Northern Ireland, Uruguay,","Venezuela, Zambia*"
"UNITED
NATIONS E",Economic and Social bistr.,Council,"E/CN.4/1999/L.77
22 April 1999",Original: ENGLISH,"COMMISSION ON HUMAN RIGHTS
Fifty=fifth session
Agenda item 19","ADVISORY SERVICES AND TECHNICAL COOPERATION IN THE FIELD
OF HUMAN RIGHTS","Argentina, Australia*, Austria, Belgium*, Brazil*, Bulgaria*, Canada,","Cape Verde, Chile, Colombia, Costa Rica*, Dominican Republic*, FEcuador,","El Salvador, Ethiopia*, Finland*, France, Germany, Greece*, Guatemala,","Honduras*, Japan, Madagascar, Mexico, Netherlands*, New Zealand*,","Nicaragua*, Paraguay*, Peru, Portugal*, Russian Federation, Sough Africa,","Spain*, Togo*, United Kingdom of Great Britain and Northern Ireland,
United States of America, Uruguay, Venezuela",,,,
"UNITED
NATIONS E",Economic and Social bistr.,Council,"E/CN.4/1999/L.45
20 April 1999",Original: ENGLISH,"COMMISSION ON HUMAN RIGHTS
Fifty-fifth session
Agenda item 12",INTEGRATION OF THE HUMAN RIGHTS OF WOMEN AND THE GENDER PERSPECTIVE,"Afghanistan*, Albania*, Angola*, Argentina, Bangladesh,
Belgium*, Bhutan, Botswana, Cameroon*, Chile, Colombia,","Costa Rica*, Cyprus*, Czech Republic, Dominican Republic*,
Egypt*, E1 Salvador, FEquatorial Guinea*, FEthiopia*,
Germany, Ghana*, Greece*, Guatemala, Haiti*, Indonesia,
Ttaly, Madagascar, Mexico, Mozambigque, Morocco, Norway,","Peru, Phi ppines, Portugal*, South Africa, Spain*,
Sri TLanka, Sweden*, Thailand*, The former Yugoslav Republic","of Macedonia*, Togo*, Ukraine*, Uruquay",,,,,,
"UNITED
NATIONS E","Economic and Social DiStr;
Council","E/CN.4/1999/L.39
21 April 1999",Original: ENGLISH,"COMMISSION ON HUMAN RIGHTS
Fifty-fifth session
Agenda item 13",RIGHTS OF THE CHILD,"Argentina, Australia*, Austria, Belarus*, Belgium*, Bolivia%*,
Botswana, Brazil*, Bulgaria*, Cameroon*, Canada, Chile,
Colombia, Congo, Costa Rica*, Croatia*, Cuba, Cyprus*,","Czech Republic, Denmark*, Dominican Republic*, FEcuador,","El Salvador, Estonia*, Ethiopia*, Finland*, France, Germany,
Greece*, Guatemala, Iceland*, TIreland, Italy, Latvia,
Liechtenstein*, TLithuania*, Luxemburg, Madagascar, Mexico,","Slovenia*, South Africa, Spain*, Sweden*, Switzerland*,","The former Yugoslav Republic of Macedonia*, Tunisia, Ukraine*,","United Kingdom of Great Britain and Northern Ireland, Uruguay,
Venezuela",,,,,
"UNITED
NATIONS E","Economic and Social DiStr;
Council","E/CN.4/1999/L.9%4
22 April 1999",Original: ENGLISH,"COMMISSION ON HUMAN RIGHTS
Fifty-fifth session
Agenda item 17",PROMOTION AND PROTECTION OF HUMAN RIGHTS,"Algeria*, Argentina, Armenia*, Bhutan, Bolivia*, Botswana,
Brazil*, Burundi*, Cameroon*, Cape Verde, Chile, Colombia,
Congo, Costa Rica*, Cbte d'Ivoire*, Croatia*, Cuba, Cyprus*,
Democratic Republic of the Congo, Dominican Republic*,
Ecuador, E1 Salvador, Equatorial Guinea*, Eritrea*, Ethiopia*,
Georgia*, Ghana*, Guatemala, Haiti*, Honduras*, India,
Libyan Arab Jamahiriya*, Madagascar, Mauritius, Morocco,
Mozambique, Nepal, Nicaragua*, Niger, Panama*, Paraguay¥*,
Peru, Philippines, Romania, Rwanda, Saudi Arabia*, Senegal,
South Africa, Sudan, Tunisia, Uganda*, Uruguay, Venezuela",,,,,,,,,,
"UNITED
NATIONS E",Economic and Social,Council E/CN.4/1999/L.78,22 April 1999,Original: ENGLISH,"COMMISSION ON HUMAN RIGHTS
Fifty-fifth session
Agenda item 18",EFFECTIVE FUNCTIONING OF HUMAN RIGHTS MECHANISMS,"Afghanistan*, Algeria*, Angola*, Bangladesh, Botswana, Burundi*,
Cape Verde, China, Colombia, Congo, Cuba, Democratic Republic of
the Congo, Democratic People's Republic of Korea*, Dominican
Republic*, FEcuador, Egypt*, El Salvador, Equatorial Guinea*,
Eritrea*, Ethiopia*, Gabon*, Guatemala, Haiti*, Honduras*, India,
Indonesia, Iran*, Irag*, Lebanon*, TLibyan Arab Jamahirivya*,
adagascar, Mauritania*, Mexico, Mozambique, Myanmar*, Nigeria*,
Pakistan, Peru, Philippines, Saudi Arabia*, Senegal, Sri Lanka,
Sudan, Syrian Arab Republic*, Togo*, Uganda*, Viet Nam*, Yemen*,
Zambia*, Zimbabwe*",,,,,,,,,
"UNITED
NATIONS E",Economic and Social,Council E/CN.4/1999/L.67/Rev. 1,27 April 1999,Original: ENGLISH,"COMMISSION ON HUMAN RIGHTS
Fifty-fifth session
Agenda item 16","REPORT OF THE SUB-COMMISSION ON PREVENTION OF DISCRIMINATION
AND PROTECTION OF MINORITIES","Argentina, Australia*, Austria, Brazil*, Bulgaria*, Canada, Denmark*,
Dominican Republic*, FEl1 Salvador, Estonia*, Finland*, Germany, Greece*,
Hungary*, Ireland, Japan*, Lithuania*, Netherlands*, New Zealand*,
Poland, Portugal*, Romania, Slovenia*, Slovakia*, Spain*, Ukraine*,","United Kingdom of Great Britain and Northern Ireland, Uruguay",,,,,,,,
"UNITED
NATIONS",Economic and Social bistr.,Council,"E/CN.4/1999/L.44
19 April 1999",Original: ENGLISH,"COMMISSION ON HUMAN RIGHTS
Fifty-fifth session
Agenda item 11",CIVIL AND POLITICAL RIGHTS,"Argentina, Australia*, Austria, Belgium*, Bulgaria*, Canada, Chile,","Czech Republic, Denmark*, Dominican Republic*, E1 Salvador, Finland*,
France, Germany, Greece*, Haiti*, Honduras*, Hungary*, India%*,
Ireland, Italy, Japan, Latvia, Lithuania*, TLuxembourqg, Madagascar,
Nepal, Netherlands*, Norway, Poland, Portugal*, Republic of Korea,
Romania, Slovakia*, Slovenia*, South Africa, Spain*, Sweden*,
Switzerland*, United States of America, United Kingdom of",Great Britain and Northern Ireland,,,,,,,
"UNITED
NATIONS E",Economic and Social bistr.,Council E/CN.4/1999/L.47,19 April 1999,"ENGLISH
Original: SPANISH","COMMISSION ON HUMAN RIGHTS
Fifty-fifth session
Agenda item 11",CIVIL AND POLITICAL RIGHTS,"Argentina, Bulgaria*, Canada, Cape Verde, Chile,
Costa Rica*, Cuba, Denmark*, Dominican Republic*,
Ecuador, Estonia*, Finland*, France, Germany, Italy,
adagascar, Netherlands*, Philippines, Poland,
Portugal*, South Africa, Sweden*, Uruguay and",Venezuela,,,,,,,,
"UNITED
NATIONS E",Economic and Social bistr.,Council,"E/CN.4/1999/L.67
22 April 1999",Original: ENGLISH,"COMMISSION ON HUMAN RIGHTS
Fifty-fifth session
Agenda item 16","T,","REPORT OF THE SUB-COMMISSION ON PREVENTION OF DISCRIMINATION
AND PROTECTION OF MINORITIES","Australia*, Brazil*, Bulgaria*, Canada, Denmark*, Dominican Republic*,
El Salvador, Estonia*, Finland*, Germany, Greece*, Hungary*, Ireland,
Japan*, Netherlands*, Poland, Portugal*, Romania, Slovenia*, Slovakia*,
Spain*, United Kingdom of Great Britain and Northern Treland",,,,,,,,
"UNITED
NATIONS",Economic and Social,Council,"E/CN.4/1999/L.26
16 April 1999",Original: ENGLISH,COMMISSION ON HUMAN RIGHTS,"Fifty-fifth session
Agenda item 10","ECONOMIC,",SOCIAL AND CULTURAL RIGHTS,"Angola*, Argentina, Australia*, Austria, Belarus*, Belgium*, Brazil*,
Bulgaria*, Canada, Cape Verde, Chile, Congo, Cyprus*, Denmark*,
Dominican Republic*, FEl1 Salvador, Finland*, France, Germany, Greece*,
Guatemala, Ireland, Italy, Lithuania*, TLuxembourg, Malta*, Mexico,
Nepal, Netherlands*, Norway, Paragquay*, Peru, Philippines, Poland,
Portugal*, Romania, Senegal, Slovakia*, South Africa, Spain*, Sweden%*,
Switzerland*, Tunisia and United Kingdom of Great Britain and",1999/. ..,Northern Treland,,,,,
"UNITED
NATIONS E",Economic and Social bistr.,Council,"E/CN.4/1999/L.56
20 April 1999",Original: ENGLISH,"COMMISSION ON HUMAN RIGHTS
Fifty-fifth session
Agenda item 12",INTEGRATION OF THE HUMAN RIGHTS OF WOMEN AND THE GENDER PERSPECTIVE,"Afghanistan*, Albania*, Angola*, Argentina, Australia*, Austria,
Belarus*, Belgium*, Botswana, Brazil*, Bulgaria*, Canada,
Cape Verde, Chile, Costa Rica*, Cbte d'Ivoire*, Croatia*, Cyprus*,
Czech Republic, Denmark*, Dominican Republic*, FEcuador,
El Salvador, Finland*, Former Yugoslav Republic of Macedonia*,
Germany, Greece*, Haiti*, Hungary*, Iceland*, Ireland, Ttaly,
Japan, Latvia, Liechtenstein*, TLithuania*, Luxembourg, Mexico,
ozambique, Netherlands*, New Zealand*, Norway, Peru, Philippines,
Poland, Portugal*, Romania, Slovenia*, South Africa, Spain*,
Sweden*, Switzerland*, Tunisia, United Kingdom of Great Britain
and Northern Ireland, Uruguay, Venezuela",,,,,,,,,
"UNITED
NATIONS E",Economic and Social,Council LIMITED,"E/CN.4/1999/L.91
22 April 1999",Original: ENGLISH,"COMMISSION ON HUMAN RIGHTS
Fifty-fifth session
Agenda item 17",PROMOTION AND PROTECTION OF HUMAN RIGHTS,"Albania*, Andorra*, Angola*, Argentina, Armenia*, Australia*,
Austria, Azerbaijan*, Belarus*, Belgium*, Bolivia*, Bosnia and
Herzegovina*, Brazil*, Bulgaria*, Cambodia*, Canada, Cape Verde,
Chile, Colombia, Costa Rica*, Croatia*, Cyprus*, Czech Republic,
Denmark*, Dominican Republic*, FEcuador, E1 Salvador, Estonia*,
Finland*, France, Georgia*, Germany, Greece*, Haiti*, Honduras*,
Hungary*, Tceland*, Ireland, Israel*, Ttaly, Latvia,","Liechtenstein*, TLithuania*, Luxembourg, Malta*, Mauritius, Mexico,","Monaco*, Netherlands*, New Zealand*, Nicaragqua*, Norway, Panama¥*,
Paraguay*, Poland, Portugal*, Romania, Russian Federation,","San Marino*, Sao Tome and Principe*, Slovakia*, Slovenia*,","South Africa, Spain*, Sweden*, Switzerland*, The former Yugoslav
Republic of Macedonia*, Turkmenistan*, United Kingdom of","Great Britain and Northern Ireland, Uruguay, Venezuela",,,,
United Nations Avcsanas,"V/ \ istr.: Limite
\z@?\} General Assembly Distr: Limited|
S",Original: English,"Fifty-fourth session
Third Committee
Agenda item 109
Advancement of women","Andorra, Antigua and Barbuda, Argentina, Armenia, Australia, Austria,
Bangladesh, Belgium, Benin, Bolivia, Bosnia and Herzegovina, Botswana,
Bulgaria, Cameroon, Canada, Cape Verde, Chile, Congo, Costa Rica, Croatia,
Cyprus, the Czech Republic, Denmark, the Dominican Republic, Ecuador, El
Salvador, Equatorial Guinea, Eritrea, Estonia, Ethiopia, Finland, France,
Germany, Greece, Guyana, Hungary, Iceland, India, Ireland, Israel, Italy,
Japan, Latvia, Liberia, Liechtenstein, Lithuania, Luxembourg, Malaysia,
Mauritius, Mexico, Monaco, Myanmar, Namibia, Nepal, the Netherlands, New
Zealand, Nicaragua, Norway, Panama, Papua New Guinea, Peru, Poland,
Portugal, the Republic of Korea, Romania, Rwanda, San Marino, Senegal,
Slovakia, Slovenia, South Africa, Spain, Sweden, Thailand, The former Yugoslav
Republic of Macedonia, Uganda, the United Kingdom of Great Britain and
Northern Ireland, Venezuela, Zambia and Zimbabwe",,,,,,,,,,,,
United Nations Avcassania,"A N . L
{fi’@?\} General Assembly Disr: Limited |
274",Original: English,"Fifty-fourth session
Third Committee
Agenda item 109
Advancement of women","Antigua and Barbuda, Argentina, Bangladesh, Barbados, Belarus, Belize, Benin,
Bolivia, Botswana, Chile, Colombia, Comoros, Costa Rica, Cote d’Ivoire, Cuba,
Dominica, Dominican Republic, El Salvador, Equatorial Guinea, Ethiopia,
Georgia, Ghana, Guatemala, Guinea, Guyana, Haiti, Honduras, Israel, Italy,
Jamaica, Liberia, Liechtenstein, Madagascar, Malawi, Mali, Mexico, Micronesia
(Federated States of), Monaco, Morocco, Mozambique, Namibia, Nicaragua,
Palau, Panama, Paraguay, Peru, Republic of Korea, Republic of Moldova,
Romania, Saint Lucia, Senegal, South Africa, Spain, Suriname, the former
Yugoslav Republic of Macedonia, Trinidad and Tobago, Ukraine, Uruguay and
Venezuela",,,,,,,,,,,,
United Nations Avcissana,"A N . L
{fi’@?\} General Assembly Disr: Limited |
274",Original: English,Fifty-fourth session,First Committee,Agenda item 76,General and complete disarmament,"Andorra, Angola, Argentina, Australia, Austria, Bangladesh, Belgium, Benin,
Bolivia, Bosnia and Herzegovina, Botswana, Brazil, Brunei Darussalam,
Bulgaria, Burkina Faso, Burundi, Cameroon, Canada, Cape Verde, Chile,
Colombia, Comoros, Costa Rica, Croatia, Czech Republic, Denmark, Djibouti,
Dominican Republic, Ecuador, El Salvador, Equatorial Guinea, France,
Germany, Guatemala, Guinea, Guinea-Bissau, Guyana, Honduras, Hungary,
Ireland, Italy, Jamaica, Japan, Jordan, Kenya, Lesotho, Liberia, Liechtenstein,
Madagascar, Malaysia, Mali, Mauritius, Mexico, Monaco, Mozambique,
Namibia, Nepal, Netherlands, New Zealand, Nicaragua, Niger, Nigeria, Norway,
Panama, Paraguay, Peru, Philippines, Poland, Portugal, Qatar, Samoa, San
Marino, Senegal, Seychelles, Sierra Leone, Solomon Islands, South Africa,
Sudan, Suriname, Swaziland, Sweden, former Yugoslav Republic of Macedonia,
Togo, United Kingdom of Great Britain and Northern Ireland and Zambia",,,,,,,,,
United Nations Avcarsanio,"V/ \ istr.: Limite
\z@?\} General Assembly Distr: Limited |
S",Original: English,"Fifty-fourth session
Third Committee
Agenda item 109
Advancement of women","Andorra, Argentina, Armenia, Australia, Belarus, Bosnia and Herzegovina,
Canada, Chile, Croatia, Cyprus, the Czech Republic, the Dominican Republic,
Ecuador, Ethiopia, Hungary, Indonesia, Israel, Japan, Kazakhstan, Kyrgyzstan,
Latvia, Liechtenstein, Lithuania, Malaysia, Malta, Mozambique, Myanmar,
Namibia, New Zealand, Nicaragua, Norway, Panama, Poland, the Republic of
Korea, Romania, San Marino, Singapore, Slovenia, Thailand, the former
Yugoslav Republic of Macedonia, Turkey, the United States of America and
Zambia",,,,,,,,,,,,
United Nations,General Assembly oo Limited,Original: English,Fifty-fourth session,Agenda item 106,"Social development, including questions relating to the world social
situation and to youth, ageing, disabled persons and the family",99-28127 (E),"Antigua and Barbuda, Bangladesh, Benin, Colombia, Cyprus, Dominican
Republic, Ecuador, El Salvador, Germany, Ghana, Guyana, Malta, Mongolia,
Panama, Peru, Romania, Spain, Trinidad and Tobago and Uruguay",,,,,,,,,
United Nations Avc.1/sam04,V/ \ Distr.: Limited,"@ General Assembly Distr: Limited
English",e Original: Spanish,Fifty-fourth session,First Committee,Agenda item 82,"Consolidation of the regime established by the Treaty for the
Prohibition of Nuclear Weapons in Latin America and the Caribbean
(Treaty of Tlatelolco)","Antigua and Barbuda, Argentina, Bahamas, Barbados, Belize, Bolivia, Brazil,
Chile, Colombia, Costa Rica, Cuba, Dominican Republic, Ecuador, El Salvador,
Grenada, Guatemala, Guyana, Haiti, Honduras, Jamaica, Mexico, Nicaragua,
Panama, Paraguay, Peru, Suriname, Trinidad and Tobago, Uruguay and
Venezuela",,,,,,,,
United Nations,"A N . L
{fi’@?\} General Assembly Dist: Limited|
274",Original: English,A/54/L.13,Fifty-fourth session,"Agenda item
Cooperation","32
between the United Nations and the Latin American",Economic System,99-30751 (E),"Bolivia, Brazil, Dominican Republic, Ecuador, Panama, Paraguay, Peru,
Suriname, Uruguay and Venezuela",,,,,,,
United Nations Asc.issanas,"V/ \ istr.: Limite
(@) Genern Assembly D s,
274",Original: English,Fifty-fourth session,First Committee,Agenda item 76 (1),"General and complete disarmament: towards a nuclear-
weapon-free world: the need for a new agenda","Benin, Bolivia, Botswana, Brazil, Burkina Faso, Burundi, Cameroon, Chile,
Colombia, Costa Rica, Cote d’Ivoire, Dominican Republic, Ecuador, Egypt, El
Salvador, Fiji, Ghana, Grenada, Guatemala, Haiti, Honduras, Ireland, Kenya,
Lesotho, Liberia, Madagascar, Malaysia, Mali, Mexico, New Zealand,
Nicaragua, Niger, Nigeria, Panama, Papua New Guinea, Peru, Philippines,
Samoa, San Marino, Sierra Leone, Solomon Islands, South Africa, Swaziland,
Sweden, Thailand, Togo, Uganda, Uruguay, Venezuela, Viet Nam, Zambia and
Zimbabwe",,,,,,,,,
United Nations Avc.i/san2s,"A N . L
{fi’@?\} General Assembly Disr: Limited |
274",Original: English,Fifty-fourth session,First Committee,Agenda item 85,Comprehensive Nuclear-Test-Ban Treaty,"Argentina, Australia, Austria, Belgium, Bolivia, Brazil, Costa Rica, Cote
d’Ivoire, Croatia, Dominican Republic, Ecuador, El Salvador, Finland,
Germany, Guatemala, Honduras, Hungary, Ireland, Italy, Japan, Kenya,
Liberia, Lithuania, Luxembourg, Mexico, Monaco, Netherlands, New Zealand,
Norway, Panama, Peru, Philippines, Portugal, Republic of Korea, Romania, San
Marino, Solomon Islands, South Africa, Spain, Togo, United Kingdom of Great
Britain and Northern Ireland, Uruguay and Zambia",,,,,,,,,
United Nations Avc.1/54/034,"V/ \ istr.: Limite
\z@?\} General Assembly Dist: Limited|
S",Original: English,Fifty-fourth session,First Committee,Agenda item 76 (m),"General and complete disarmament: nuclear-weapon-free southern
hemisphere and adjacent areas","Angola, Argentina, Bahamas, Barbados, Benin, Bolivia, Bosnia and
Herzegovina, Botswana, Brazil, Brunei Darussalam, Burkina Faso, Cape Verde,
Central African Republic, Chad, Chile, Colombia, Costa Rice, Cote d’Ivoire,
Democratic Republic of the Congo, Djibouti, Dominican Republic, Ecuador,
Egypt, El Salvador, Ethiopia, Fiji, Gabon, Ghana, Grenada, Guatemala, Guinea-
Bissau, Guyana, Haiti, Indonesia, Kenya, Kyrgyzstan, Liberia, Malaysia,
Mexico, Mozambique, Namibia, New Zealand, Nicaragua, Nigeria, Panama,
Papua New Guinea, Paraguay, Peru, Samoa, Sao Tome and Principe, Sierra
Leone, Singapore, Solomon Islands, South Africa, Sudan, Suriname, Thailand,
Togo, Trinidad and Tobago, United Republic of Tanzania, Uruguay, Venezuela,
Viet Nam and Zambia",,,,,,,,,
United Nations Avcaisan.2o,"V/ \ istr.: Limite
\z@?\} General Assembly Distr: Limited|
S",Original: English,"Fifty-fourth session
Third Committee
Agenda item 108
International drug control","Algeria, Antigua and Barbuda, Argentina, Armenia, Australia, Austria,
Azerbaijan, Bahamas, Bangladesh, Barbados, Belarus, Belgium, Bolivia, Brazil,
Bulgaria, Canada, Cape Verde, Chile, China, Colombia, Costa Rica, Cuba,
Cyprus, Czech Republic, Denmark, Dominica, Dominican Republic, Ecuador,
Egypt, El Salvador, Ethiopia, Finland, France, Germany, Ghana, Greece,
Guatemala, Guyana, Hungary, Indonesia, Islamic Republic of Iran, Ireland
Israel, Italy, Jamaica, Japan, Kazakhstan, Kenya, Kyrgyzstan, Lao People’s
Democratic Republic, Liberia, Luxembourg, Malta, Mexico, Monaco, Mongolia,
Morocco, Myanmar, Netherlands, New Zealand, Nicaragua, Nigeria, Norway,
Pakistan, Panama, Paraguay, Peru, Poland, Portugal, Republic of Korea,
Republic of Moldova, Romania, Russian Federation, Saint Lucia, San Marino,
Senegal, Sierra Leone, Singapore, Slovakia, Slovenia, South Africa, Spain,
Sudan, Sweden, Thailand, the former Yugoslav Republic of Macedonia, Trinidad
and Tobago, Ukraine, United Kingdom of Great Britain and Northern Ireland,
United States of America, Uruguay, Uzbekistan and Venezuela",,,,,,,,,,,,
United Nations Acasana,"V/ \ istr.: Limite
\z@?\} General Assembly Distr: Limited|
S",Original: English,Fifty-fourth session,Third Committee,Agenda item 107,Crime prevention and criminal justice,"Albania, Andorra, Argentina, Austria, Azerbaijan, Belize, Bosnia and
Herzegovina, Colombia, Costa Rica, Cote d’Ivoire, Croatia, Djibouti, Dominica,
Dominican Republic, El Salvador, Estonia, Greece, Grenada, Honduras, Iceland,
Italy, Japan, Kyrgyzstan, Latvia, Liberia, Madagascar, Malawi, Malta,
Micronesia (Federated States of), Monaco, Mongolia, Nicaragua, Niger, Norway,
Portugal, Republic of Moldova, Rwanda, Saint Lucia, Saint Vincent and the
Grenadines, Senegal, Solomon Islands, Spain, Tajikistan, the former Yugoslav
Republic of Macedonia, the United Kingdom of Great Britain and Northern
Ireland, and the United States of America",,,,,,,,,
United Nations Avc.1/54.39,"A N . L
{fi’@?\} General Assembly Disr: Limited |
274",Original: English,Fifty-fourth session,First Committee,Agenda item 76 (b),General and complete disarmament: transparency in armaments,"Andorra, Argentina, Armenia, Australia, Austria, Bangladesh, Belgium, Benin,
Bhutan, Bolivia, Bosnia and Herzegovina, Brazil, Bulgaria, Burkina Faso,
Cameroon, Canada, Chile, Costa Rica, Croatia, Cyprus, Czech Republic,
Denmark, Dominican Republic, Ecuador, Fiji, Finland, France, Georgia,
Germany, Greece, Guatemala, Hungary, Iceland, Ireland, Israel, Italy, Japan,
Kazakhstan, Kyrgyzstan, Latvia, Liechtenstein, Lithuania, Luxembourg,
Malaysia, Mali, Malta, Monaco, Mongolia, Nepal, Netherlands, New Zealand,
Nicaragua, Niger, Nigeria, Norway, Panama, Paraguay, Peru, Philippines,
Poland, Portugal, Republic of Korea, Republic of Moldova, Romania, Russian
Federation, Samoa, San Marino, Sierra Leone, Slovakia, Slovenia, Solomon
Islands, South Africa, Spain, Swaziland, Sweden, The former Yugoslav Republic
of Macedonia, Togo, Turkey, Ukraine, United Kingdom of Great Britain and
Northern Ireland, United States of America, Uruguay and Venezuela",,,,,,,,,
United Nations A/c.3/54/L.14/Rev.1,"A N . L
{fi’@?\} General Assembly Dise: Limited |
274",Original: English,"Fifty-fourth session
Third Committee
Agenda item 109
Advancement of women","Algeria, Andorra, Antigua and Barbuda, Argentina, Australia, Bahamas,
Bangladesh, Barbados, Belarus, Belize, Benin, Bhutan, Bolivia, Botswana,
Brazil, Burkina Faso, Cameroon, Canada, Chile, Colombia, Comoros, Costa
Rica, Croatia, Cote d’Ivoire, Cuba, Cyprus, Dominica, Dominican Republic,
Ecuador, El Salvador, Equatorial Guinea, Ethiopia, France, Gambia, Georgia,
Ghana, Guatemala, Guinea, Guyana, Haiti, Honduras, Hungary, Iceland, India,
Indonesia, Ireland, Israel, Italy, Jamaica, Kuwait, Liberia, Liechtenstein,
Lithuania, Madagascar, Malawi, Mali, Mexico, Micronesia (Federated States
of), Monaco, Morocco, Mozambique, Namibia, New Zealand, Nicaragua,
Norway, Palau, Pakistan, Panama, Paraguay, Peru, Portugal, Republic of Korea,
Republic of Moldova, Romania, Rwanda, Saint Kitts and Nevis, Saint Lucia, San
Marino, Senegal, Slovenia, Solomon Islands, South Africa, Spain, Sudan,
Suriname, Tajikistan, Thailand, the former Yugoslav Republic of Macedonia,
Trinidad and Tobago, Tunisia, Uganda, Ukraine, Uruguay and Venezuela:
",,,,,,,,,,,,
United Nations Asanie,"A N . L
{fi’@?\} General Assembly Dise: Limited |
274",Original: English,Fifty-fourth session,Agenda item 37,"Implementation of the outcome of the World Summit for
Social Development","Algeria, Andorra, Angola, Antigua and Barbuda, Argentina, Armenia,
Australia, Austria, Bahamas, Bangladesh, Barbados, Belgium, Benin, Bhutan,
Bolivia, Bosnia and Herzegovina, Botswana, Brazil, Bulgaria, Burkina Faso,
Cameroon, Canada, Cape Verde, Chile, China, Colombia, the Congo, Costa Rica,
Cote d’Ivoire, Croatia, Cuba, Cyprus, Denmark, Dominican Republic, Ecuador,
Egypt, El Salvador, Eritrea, Ethiopia, Fiji, Finland, France, Germany, Ghana,
Greece, Guatemala, Guyana, Haiti, Hungary, Iceland, India, Indonesia, Iran
(Islamic Republic of), Ireland, Israel, Italy, Jamaica, Japan, Kazakhstan, Kenya,
Kyrgyzstan, Latvia, Lesotho, Liechtenstein, Lithuania, Luxembourg,
Madagascar, Malaysia, Maldives, Mexico, Monaco, Mongolia, Morocco,
Namibia, Nepal, Netherlands, New Zealand, Nicaragua, Nigeria, Norway,
Pakistan, Panama, Papua New Guinea, Paraguay, Peru, Philippines, Portugal,
Republic of Korea, Republic of Moldova, Romania, Russian Federation, Saint
Lucia, San Marino, Senegal, Singapore, Slovenia, South Africa, Spain, Sudan,
Swaziland, Sweden, Thailand, The former Yugoslav Republic of Macedonia,
Trinidad and Tobago, Tunisia, Turkey, Uganda, Ukraine, United Kingdom of
Great Britain and Northern Ireland, United Republic of Tanzania, United States
of America, Uruguay, Venezuela, Viet Nam and Zimbabwe",,,,,,,,,,
United Nations Avcassan.as,"A, N T",\f@?\} General Assembly Dist: Limited,"“Q 4/,/ English
Original: Arabic",Fifty-fourth session,Third Committee,Agenda item 112,Promotion and protection of the rights of children,"Afghanistan, Andorra, Angola, Argentina, Australia, Bahamas, Bangladesh,
Barbados, Belgium, Benin, Botswana, Brazil, Bulgaria, Burkina Faso, Canada,
Cape Verde, Chile, China, Colombia, Congo, Costa Rica, Cote d’Ivoire, Croatia,
Cuba, Democratic Republic of the Congo, Dominican Republic, Ecuador,
Equatorial Guinea, Eritrea, Ethiopia, Fiji, Finland, France, Germany, Ghana,
Guatemala, Guinea, Guyana, Haiti, Hungary, Iceland, Ireland, Italy, Kenya,
Lesotho, Liberia, Liechtenstein, Luxembourg, Malawi, Malaysia, Mali,
Mauritius, Monaco, Mozambique, Namibia, Nepal, Netherlands, Nigeria,
Norway, Papua New Guinea, Paraguay, Peru, Poland, Portugal, Romania,
Rwanda, Saint Lucia, Senegal, Seychelles, Singapore, Slovenia, Solomon Islands,
South Africa, Suriname, Swaziland, Sweden, the former Yugoslav Republic of
Macedonia, Ukraine, United Kingdom of Great Britain and Northern Ireland,
United Republic of Tanzania, Uruguay, Venezuela, Zambia and Zimbabwe",,,,,,,,
United Nations Ac3/54/L 8/Rev.1,"A, N . o
\f@?\} General Assembly Dist; Limited
274",Original: English,"Fifty-fourth session
Third Committee
Agenda item 116 (a)
Human rights questions: implementation of human rights instruments","Andorra, Argentina, Armenia, Australia, Austria, Azerbaijan, Belarus, Belgium,
Bolivia, Brazil, Bulgaria, Canada, Cape Verde, Chile, Colombia, Costa Rica,
Croatia, Cyprus, Czech Republic, Denmark, Dominican Republic, Ecuador,","El Salvador, Estonia, Finland, France, Georgia, Germany, Greece, Guinea-
Bissau, Haiti, Honduras, Hungary, Iceland, Ireland, Israel, Italy, Latvia,
Liechtenstein, Lithuania, Luxembourg, Malta, Mauritius, Mexico, Micronesia
(Federated States of), Monaco, Namibia, Netherlands, New Zealand, Nicaragua,
Norway, Palau, Panama, Paraguay, Poland, Portugal, Republic of Moldova,
Romania, San Marino, Sao Tome and Principe, Slovakia, Slovenia, Solomon
Islands, South Africa, Spain, Sweden, the former Yugoslav Republic of
Macedonia, Turkmenistan, United Kingdom of Great Britain and Northern
Ireland, Uruguay, Vanuatu and Venezuela",,,,,,,,,,,
United Nations Ac3/54/L21/Rev.1,"A N . L
{fi’@?\} General Assembly Distr: Limited
274",Original: English,Fifty-fourth session,Third Committee,Agenda item 107,Crime prevention and criminal justice,"Albania, Andorra, Argentina, Australia, Austria, Azerbaijan, Belize, Bosnia and
Herzegovina, Canada, Costa Rica, Cote d’Ivoire, Croatia, Djibouti, Dominica,
Dominican Republic, El Salvador, Estonia, Greece, Grenada, Honduras, Iceland,
Italy, Japan, Kyrgyzstan, Latvia, Liberia, Luxembourg, Madagascar, Malawi,
Malta, Micronesia (Federated States of), Monaco, Mongolia, Nicaragua, Niger,
Norway, Portugal, Republic of Moldova, Rwanda, Saint Lucia, Saint Vincent and
the Grenadines, Senegal, Solomon Islands, Spain, Tajikistan, the former
Yugoslav Republic of Macedonia, the United Kingdom of Great Britain and
Northern Ireland and the United States of America",,,,,,,,,
United Nations,"V/ \ Distr.: Limited
g@?\} General Assembly Distr: Limited
S","English
Original: Spanish","Fifty-fourth session
Agenda item 21
University for Peace",99-35002 (E),"Afghanistan, Algeria, Andorra, Antigua and Barbuda, Argentina, Bangladesh,
Barbados, Belarus, Belize, Bolivia, Bosnia and Herzegovina, Bulgaria,
Cambodia, Chile, Colombia, Comoros, Congo, Costa Rica, Cote d’Ivoire, Cuba,
Cyprus, Djibouti, Dominica, Dominican Republic, Ecuador, Egypt, El Salvador,
Equatorial Guinea, Georgia, Greece, Grenada, Guatemala, Haiti, Honduras,
Ireland, Kuwait, Lebanon, Liberia, Libyan Arab Jamahiriya, Monaco,
Mongolia, Morocco, Nicaragua, Oman, Panama, Paraguay, Peru, Philippines,
Poland, Qatar, Republic of Korea, Romania, Russian Federation, San Marino,
Senegal, Seychelles, Solomon Islands, Spain, Sudan, Suriname, Tajikistan,
Trinidad and Tobago, Tunisia, United Arab Emirates, Uruguay and Venezuela",,,,,,,,,,,
United Nations,"@@
\\i\*wj","Fifty-fourth
Agenda item",General Assembly P Lo o,"English
Original: Spanish","session
47","The situation in Central America: procedures for the establishment of
a firm and lasting peace and progress in fashioning a region of peace,
freedom, democracy and development","99-35305 (E)
*9935305*","Argentina, Austria, Belgium, Brazil, Chile, Colombia, Costa Rica, Denmark,
Dominican Republic, Ecuador, El Salvador, Finland, France, Germany, Greece,
Guatemala, Haiti, Honduras, Ireland, Italy, Lebanon, Luxembourg, Mexico,
Netherlands, Nicaragua, Norway, Panama, Paraguay, Portugal, Spain, Sweden
and United Kingdom of Great Britain and Northern Ireland",,,,,,,,
United Nations Assa e,"V/ \ Distr.: Limited
g@?\} General Assembly Distr: Limited
S",Original: English,Fifty-fourth session,Agenda item 22,"Building a peaceful and better world through sport and the
Olympic ideal","Albania, Algeria, Andorra, Angola, Antigua and Barbuda, Argentina, Armenia,
Australia, Austria, Azerbaijan, Bahamas, Bahrain, Bangladesh, Barbados,
Belarus, Belize, Benin, Bhutan, Bolivia, Bosnia and Herzegovina, Botswana,
Brazil, Brunei Darussalam, Bulgaria, Burkina Faso, Burundi, Cambodia,
Cameroon, Canada, Cape Verde, Central African Republic, Chad, Chile, China,
Colombia, Comoros, Congo, Costa Rica, Cote d’Ivoire, Croatia, Cyprus, Czech
Republic, Democratic People’s Republic of Korea, Democratic Republic of the
Congo, Denmark, Djibouti, Dominica, Dominican Republic, Ecuador, Egypt, El
Salvador, Equatorial Guinea, Eritrea, Estonia, Ethiopia, Fiji, Finland, France,
Gabon, Gambia, Georgia, Germany, Ghana, Greece, Grenada, Guatemala,
Guinea, Guinea-Bissau, Guyana, Haiti, Honduras, Iceland, India, Indonesia,
Iraq, Ireland, Israel, Italy, Jamaica, Japan, Jordan, Kazakhstan, Kenya,
Kuwait, Kyrgyzstan, Latvia, Lebanon, Lesotho, Liberia, Liechtenstein,
Lithuania, Luxembourg, Madagascar, Malawi, Malaysia, Maldives, Mali, Malta,
Marshall Islands, Mauritania, Mauritius, Micronesia (Federated States of),
Monaco, Mongolia, Morocco, Mozambique, Myanmar, Namibia, Nepal,
Netherlands, New Zealand, Nicaragua, Niger, Nigeria, Norway, Oman, Pakistan,
Panama, Papua New Guinea, Paraguay, Peru, Philippines, Poland, Portugal,
Qatar, Republic of Korea, Romania, Russian Federation, Rwanda, Saint Kitts
and Nevis, Saint Lucia, Saint Vincent and the Grenadines, Samoa, San Marino,
Saudi Arabia, Senegal, Seychelles, Sierra Leone, Singapore, Slovakia, Slovenia,
Solomon Islands, South Africa, Spain, Sudan, Suriname, Swaziland, Sweden,
Syrian Arab Republic, Tajikistan, Thailand, the former Yugoslav Republic of
Macedonia, Togo, Trinidad and Tobago, Tunisia, Turkey, Turkmenistan,
Uganda, Ukraine, United Arab Emirates, United Kingdom of Great Britain and
Northern Ireland, United Republic of Tanzania, United States of America,
Uruguay, Venezuela, Viet Nam, Yemen, Zambia and Zimbabwe",,,,,,,,,,
United Nations Acasan.os,"V/ \ Distr.: Limited
g@?\} General Assembly Distr: Limited
S",Original: English,Fifty-fourth session,Third Committee,Agenda item 111,"Report of the United Nations High Commissioner for
Refugees, questions relating to refugees, returnees
and displaced persons and humanitarian questions","Afghanistan, Bangladesh, Botswana, Cameroon, Céte d’Ivoire, Dominican
Republic, Ecuador, El Salvador, Ethiopia, Iran (Islamic Republic of), Jordan,
Kenya, Madagascar, Malawi, Morocco, Nigeria, Pakistan, Panama, Qatar,
Sierra Leone, Sudan, Syrian Arab Republic and Yemen",,,,,,,,,
United Nations,"V/ \ Distr.: Limited
g@?\} General Assembly Distr: Limited
S",English,Original: English and French,Fifty-fourth session,Agenda item,48,The situation of democracy and human rights in Haiti,99-35734 (E),"Argentina, Austria, Barbados, Belize, Bolivia, Brazil, Canada, Chile, Colombia,
Costa Rica, Cuba, Denmark, Dominican Republic, Ecuador, El Salvador,
Finland, France, Germany, Greece, Grenada, Guatemala, Guyana, Haiti,
Honduras, Italy, Jamaica, Luxembourg, Mexico, Netherlands, Nicaragua,
Panama, Paraguay, Peru, Saint Kitts and Nevis, Saint Vincent and the
Grenadines, Spain, Suriname, Sweden, Trinidad and Tobago, United States of
America, Uruguay and Venezuela",,,,,,,
United Nations Assaomrev,"V/ \Q Distr.: Limited
\‘\fl \), General Assembly Distr: Limited
) S",Original: English,Fifty-fourth session,Agenda item 20 (b),"Strengthening of the coordination of humanitarian and disaster relief
assistance of the United Nations, including special economic assistance:
special economic assistance to individual countries or regions","Brazil, Chile, Colombia, Costa Rica, Dominican Republic, Ecuador, El Salvador,
Guatemala, Honduras, Mexico, Nicaragua, Panama and Peru: revised",,,,,,,,,,
United Nations Assan 6o,"N . .
\\| Distr.: Limited
)\'\/, General Assembly 13 Decembe” 1999","it
\\&g 2/ 4
I Original: English",Fifty-fourth session,Agenda item 20 (b),"Strengthening of the coordination of humanitarian and disaster relief
assistance of the United Nations, including special economic assistance:
special economic assistance to individual countries or regions","Antigua and Barbuda, Argentina, Bahamas, Barbados, Belize, Brazil, Cape
Verde, China, Colombia, Costa Rica, Cuba, Cyprus, Dominica, Dominican
Republic, Ecuador, El Salvador, Eritrea, Fiji, France, Grenada, Guatemala,
Guyana, Haiti, Honduras, India, Italy, Jamaica, Mexico, Namibia, Netherlands,
Nicaragua, Norway, Panama, Saint Kitts and Nevis, Saint Lucia, Saint Vincent
and the Grenadines, Samoa, Senegal, Solomon Islands, Suriname, Trinidad and
Tobago, Ukraine, United States of America and Venezuela",,,,,,,,,,
United Nations Assan7a/add 1,"V/ \Q Distr.: Limited
\‘\{ )\'\/, General Assembly Distrs Limited
) S=24",Original: English,Fifty-fourth session,Agenda item 20,"Strengthening of the coordination of humanitarian and disaster relief
assistance of the United Nations, including special economic assistance","China, Cuba, Guyana, India, Mexico and South Africa",,,,,,,,,,
United Nations Assan76/add 1,"23 December 1999
English
Original: Spanish","\‘{V/ \“\', General Assembly Distr.: Limited
\\s- 74",Fifty-fourth session,Agenda item 20 (b),"Strengthening of the coordination of humanitarian and disaster relief
assistance of the United Nations, including special economic assistance:
special economic assistance to individual countries or regions",Venezuela,,,,,,,,,,
