0,1,2,3,4,5,6,7,8,9,10,11,12,13,14,15,16,17,18,19,20,21,22,23,24,25,26,27,28,29,30,31,32,33,34,35,36,37,38,39,40,41,42,43,44,45,46,47,48,49,50,51,52,53,54,55,56,57,58,59,60,61,62
"UNITED
NATIONS E","st
St","Distr.
LIMITED","Economic and Social
Council","E/CN.4/1999/L.48
20 April 1999",Original:,ENGLISH,"
COMMISSION ON HUMAN RIGHTS
Fifty-fifth session
Agenda item 11 (d)","CIVIL AND POLITICAL RIGHTS, INCLUDING THE QUESTION OF':
IMPUNITY","Albania*, Austria, Botswana, Canada, Chile, Czech Republic, Denmark*,
Ecuador, Finland*, France, Georgia*, Germany, Guatemala, Hungary,
Ireland, Italy, Latvia, Liechtenstein*, Luxembourg*, New Zealand,
Norway, Portugal*, Romania, Sweden*, Switzerland*, The former Yugoslav
Republic of Macedonia*, Uganda*, United Kingdom of Great Britain and
Northern TIreland, United States of America",,,,,,,,,,,,,,,,,,,,,,,,,,,,,,,,,,,,,,,,,,,,,,,,,,,,,
"UNITED
NATIONS E","Ve
S","Distr.
LIMITED","Economic and Social
Council","E/CN.4/1999/L.70
21 April 1999",Original:,ENGLISH,". ___________________________________________________________________________________________
COMMISSION ON HUMAN RIGHTS
Fifty-fifth session
Agenda item 14 (c)","SPECIFIC GROUPS AND INDIVIDUALS: MASS EXODUSES
AND DISPLACED PERSONS","Argentina, Austria, Azerbaijan*, Belarus*, Belgium*, Botswana,
Bulgaria*, Canada, Cyprus*, Denmark*, Ecuador, Finland*, Georgia*,
Greece*, Guatemala, Hungary*, Iceland*, Liechtenstein*, Netherlands*,
Poland, Portugal*, Romania, Slovenia*, South Africa, Spain*, Sweden%*,
Switzerland*, United States of America",,,,,,,,,,,,,,,,,,,,,,,,,,,,,,,,,,,,,,,,,,,,,,,,,,,,,
"UNITED
NATIONS CRC","e
(&)
S04","Convention on the
Rights of the Child","Distr.
LIMITED","CRC/SP/1999/L.1
11 February 1998",ENGLISH,ORIGINAL:,"_________________________________________________________________________________________________________________________________|]
MEETING OF STATES PARTIES",Seventh Meeting,"New York, 16 February 1999","Afghanistan, Albania, Andorra, Antigua and Barbuda, Argentina,
Azerbaijan, Bahamas, Bangladesh, Barbados, Belarus, Belize,
Benin, Bhutan, Bosnia and Herzegovina, Bulgaria, Burundi,
Cambodia, Cameroon, Cape Verde, China, Colombia, Costa Rica,
Croatia, Democratic Republic of the Congo, Dijibouti, Dominica,
Ecuador, El Salvador, Estonia, Fiji, Gabon, Gambia, Georgia,
Ghana, Greece, Grenada, Guatemala, Haiti, Honduras, Iceland,
India, Indonesia, Iran (Islamic Republic of), Italy, Japan,
Jordan, Kazakhstan, Kenvya, Kyrgyzstan, Latvia, Lebanon, Lesotho,
Liberia, Lithuania, Madagascar, Malaysia, Mali, Malta, Marshall
Islands, Mauritania, Micronesia (Federated States of), Monaco,
Mongolia, Mozambique, Myanmar, Nicaragua, Nigeria, Pakistan,
Palau, Papua New Guinea, Paraquay, Peru, Philippines, Portugal,
Qatar, Romania, Saint Kitts and Nevis, Saint Lucia, Saint Vincent
and the Grenadines, San Marino, Sao Tome and Principe, Singapore,
Solomon Islands, Spain, Sri Lanka, Sudan, Suriname, Switzerland,
Tajikistan, the former Yugoslav Republic of Macedonia, Togo,
Turkey, Turkmenistan, Ukraine, United Republic of Tanzania,
Uzbekistan, Vanuatu, Viet Nam and Zimbabwe",,,,,,,,,,,,,,,,,,,,,,,,,,,,,,,,,,,,,,,,,,,,,,,,,,,,
"UNITED
NATIONS E","st
St","Distr.
LIMITED","Economic and Social
Council","E/CN.4/1999/L.96
23 April 1999",Original:,ENGLISH,"
COMMISSION ON HUMAN RIGHTS
Fifty-fifth session
Agenda item 17 (c)",PROMOTION AND PROTECTION OF HUMAN RIGHTS,INFORMATION AND EDUCATION,"Angola*, Argentina, Cameroon*, Canada, Colombia, Costa Rica*,
Cbte d'Ivoire*, Croatia*, Cyprus*, Czech Republic, Denmark*,
Dominican Republic*, FEcuador, El Salvador, Ethiopia*, Georgia*,
Greece*, Guatemala, Haiti*, Honduras*, TItaly, Japan, Mexico,
Nicaragua*, Paraguay*, Peru, Philippines, Portugal*, Rwanda,
South Africa, Tunisia, Uruguay, Venezuela",,,,,,,,,,,,,,,,,,,,,,,,,,,,,,,,,,,,,,,,,,,,,,,,,,,,
"UNITED
NATIONS E","st
St","Distr.
LIMITED","Economic and Social
Council","E/CN.4/1999/L.98
22 April 1999",Original:,ENGLISH,"
COMMISSION ON HUMAN RIGHTS
Fifty-fifth session
Agenda item 17 (b)","PROMOTION AND PROTECTION OF HUMAN RIGHTS
HUMAN RIGHTS DEFENDERS","Argentina, Australia*, Belarus*, Belgium*, Botswana, Brazil*,
Bulgaria*, Canada, Chile, Costs Rica*, Croatia*, Czech Republic,
Denmark*, Dominican Republic*, FEcuador, E1 Salvador, Estonia*,
Finland*, France, Georgia*, Germany, Greece*, Guatemala, Hungary*,
Iceland*, Ireland, Ttaly, Japan, Latvia, Liechtenstein*,
Lithuania*, Luxemburg, Madagascar, Netherlands*, New Zealand*,
Nicaragua*, Norway, Pakistan, Paraguay*, Poland, Portugal*,
Romania, Russian Federation, Senegal, Slovakia*, South Africa,
Spain*, Sweden*, Switzerland*, Ukraine*, United Kingdom of
Great Britain and Northern Ireland, United States of America,
Uruguay, Venezuela",,,,,,,,,,,,,,,,,,,,,,,,,,,,,,,,,,,,,,,,,,,,,,,,,,,,,
"@ United Nations E/cn61999/1 8/Rev.1
V/ \Q L] [ ° . Tt
v V Economic and Social Council VIR
\‘ y 15 March 1999
S
Original: English","Distr.: Limited
15 March 1999",Original: English,Commission on the Status of Women,Forty-third session,1-12 March 1999,Agenda item 3 (¢),"Follow-up to the Fourth World Conference on Women: implementation
of strategic objectives and action in the critical areas of concern","Botswana, Chile, Cote d’Ivoire, Ecuador, Georgia, Ghana, Guatemala,
Indonesia, Kenya“, Morocco, Namibia, Panama’, Peru, Philippines |,
Rwanda, Senegal, Thailand, Ukraine, Venezuela and Zambia': revised",,,,,,,,,,,,,,,,,,,,,,,,,,,,,,,,,,,,,,,,,,,,,,,,,,,,,,
"UNITED
NATIONS E","st
St","Distr.
LIMITED","Economic and Social
Council","E/CN.4/1999/L.43
19 April 1999",Original:,ENGLISH,"
COMMISSION ON HUMAN RIGHTS
Fifty-fifth session
Agenda item 11 (a)",TORTURE AND DETENTION,CIVIL AND POLITICAL RIGHTS:,"Argentina, Australia*, Austria, Belarus*, Brazil*, Bulgaria*, Cameroon%*,
Canada, Cape Verde, Chile, Colombia, Costa Rica*, Croatia*, Cyprus*,
Czech Republic, Denmark*, Dominican Republic*, Ecuador, El Salvador,
Finland*, France, Georgia*, Germany, Greece*, Guatemala, Haiti*,
Honduras*, Hungry*, Ireland, Ttaly, Liechtenstein*, TLuxembourg, Mexico,
Nepal, Netherlands*, Norway, Peru, Poland, Portugal*, Romania,
Russian Federation, Senegal, Slovakia*, Slovenia*, South Africa, Spain*,
Sweden*, Switzerland*, The former Yugoslav Republic of Macedonia*,
United Kingdom of Great Britain and Northern Ireland, Uruguay,
Venezuela",,,,,,,,,,,,,,,,,,,,,,,,,,,,,,,,,,,,,,,,,,,,,,,,,,,,
"UNITED
NATIONS E","st
St","Distr.
LIMITED","Economic and Social
Council","E/CN.4/1999/L.87
22 April 1999",Original:,ENGLISH,"
COMMISSION ON HUMAN RIGHTS
Fifty-fifth session
Agenda item 18 (b)","EFFECTIVE FUNCTIONING OF HUMAN RIGHTS MECHANISMS:
NATIONAL INSTITUTIONS AND REGIONAL ARRANGEMENTS","Argentina*, Australia*, Austria, Cameroon*, Canada, Cape Verde,
Croatia*, Cyprus*, Denmark*, E1 Salvador, Ethiopia*, France,
Georgia, Indonesia, Ireland, Italy, Latvia, Luxemburg,
Madagascar, Malaysia*, Mexico, New Zealand*, Norway, Peru,
Philippines, Portugal*, Republic of Korea, Romania,","Russian Federation, Slovakia*, South Africa, Spain*, Sri Lanka,
Sweden, Thailand*, The former Yugoslav Republic of Macedonia*,
Togo*, Tunisia, United Kingdom of Great Britain and","Northern TIreland, United States of America",,,,,,,,,,,,,,,,,,,,,,,,,,,,,,,,,,,,,,,,,,,,,,,,,,,
"UNITED
NATIONS E","Ve
S","Distr.
LIMITED","Economic and Social
Council","E/CN.4/1999/L.94
22 April 1999",Original:,ENGLISH,"___________________________________________________________________________________________
COMMISSION ON HUMAN RIGHTS
Fifty-fifth session
Agenda item 17",PROMOTION AND PROTECTION OF HUMAN RIGHTS,"Algeria*, Argentina, Armenia*, Bhutan, Bolivia*, Botswana,
Brazil*, Burundi*, Cameroon*, Cape Verde, Chile, Colombia,
Congo, Costa Rica*, Cbte d'Ivoire*, Croatia*, Cuba, Cyprus*,
Democratic Republic of the Congo, Dominican Republic*,
Ecuador, E1 Salvador, Equatorial Guinea*, Eritrea*, Ethiopia*,
Georgia*, Ghana*, Guatemala, Haiti*, Honduras*, India,
Libyan Arab Jamahiriya*, Madagascar, Mauritius, Morocco,
Mozambique, Nepal, Nicaragua*, Niger, Panama*, Paraguay¥*,
Peru, Philippines, Romania, Rwanda, Saudi Arabia*, Senegal,
South Africa, Sudan, Tunisia, Uganda*, Uruguay, Venezuela",,,,,,,,,,,,,,,,,,,,,,,,,,,,,,,,,,,,,,,,,,,,,,,,,,,,,
"UNITED
NATIONS E","st
St","Distr.
LIMITED","Economic and Social
Council","E/CN.4/1999/L.99
22 April 1999",Original:,ENGLISH,"
COMMISSION ON HUMAN RIGHTS
Fifty-fifth session
Agenda item 17",PROMOTION AND PROTECTION OF HUMAN RIGHTS,"Armenia*, Brazil*, Bulgaria*, Burundi*, Cameroon%*,","Congo, Croatia*, FEcuador, E1 Salvador, Georgia*,","Latvia, Mexico, Peru, Russian Federation, Rwanda,
Senegal",,,,,,,,,,,,,,,,,,,,,,,,,,,,,,,,,,,,,,,,,,,,,,,,,,,
"@ United Nations E/cx61999 5
¢ \ . . . Distr.: Limited
‘\/‘( & Economic and Social Council VI
S
Original: English","Distr.: Limited
8 March 1999",Original: English,Commission on the Status of Women,Forty-third session,1-12 March 1999,Agenda item 3 (a),"Follow-up to the Fourth World Conference on Women: review of
mainstreaming in organizations of the United Nations system","Argentina,” Azerbaijan,” Bangladesh,” Bosnia and Herzegovina, *
Colombia,” Ecuador,” Georgia,  Guatemala, “Iran (Islamic Republic of),
Jordan,” Kazakhstan,” Kyrgyzstan,  Malaysia, Namibia, ‘Nigeria, ""
Pakistan,” Peru, South Africa, Tajikistan, “Thailand, Turkey,
Turkmenistan,” Uzbekistan” and Zimbabwe: """,,,,,,,,,,,,,,,,,,,,,,,,,,,,,,,,,,,,,,,,,,,,,,,,,,,,,,
"@ United Nations AJs3as
/ \ istr.: Limi
\‘{"" “\)) General Assembly VI
\‘“ /L/ English
W Original: Spanish","Distr.: Limited
19 March 1999
English",Original: Spanish,Fifty-third session,Agenda item 169,"Observer status for the Customs Cooperation Council in the
General Assembly","Argentina, Australia, Austria, Belarus, Belgium, Chile, Cyprus,
Denmark, Ecuador, Finland, France, Georgia, Germany, Greece,
Guatemala, Ireland, Italy, Luxembourg, Mexico, Netherlands, Norway,
Portugal, Romania, Russian Federation, Spain, Sweden, Syrian Arab
Republic, Ukraine, United Kingdom of Great Britain and Northern
Ireland and Uruguay",,,,,,,,,,,,,,,,,,,,,,,,,,,,,,,,,,,,,,,,,,,,,,,,,,,,,,,,
"UNITED
NATIONS E","st
St","Distr.
LIMITED","Economic and Social
Council","E/CN.4/1999/L.49
19 April 1999",Original:,ENGLISH,"
COMMISSION ON HUMAN RIGHTS
Fifty-fifth session
Agenda item 11 (b)",CIVIL AND POLITICAL RIGHTS:,DISAPPEARANCES AND SUMMARY EXECUTIONS,"Argentina, Australia*, Austria, Belarus*, Belgium*, Botswana,
Bulgaria*, Canada, Cape Verde, Chile, Costa Rica*, Croatia*,
Cyprus*, Czech Republic, Denmark*, FEcuador, El Salvador, Estonia*,
Finland*, France, Georgia*, Germany, Greece*, Guinea*, Haiti*,
Hungary*, Iceland*, Ireland, Ttaly, Latvia, Liechtenstein*,
Lithuania*, ILuxembourg, Madagascar, Netherlands*, New Zealand*,
Norway, Poland, Portugal*, Romania, San Marino*, Senegal,
Slovakia*, Slovenia*, South Africa, Spain*, Sweden*, Switzerland*,
The former Yugoslav Republic of Macedonia*, Uganda*, Ukraine*,
United Kingdom of GYeatzBeilbaindandtNeesbénnidneland, Uruguay,",1999/. ..,"Extrajudicial, summary or arbitrary executions","The Commission on Human Rights,","Recalling the Universal Declaration of Human Rights, which guarantees
the right to life, liberty and security of person, and the relevant provisions
of the International Covenant on Civil and Political Rights,","Having regard to the legal framework of the mandate of the Special
Rapporteur on extrajudicial, summary or arbitrary executions, including the
provisions contained in Commission resolution 1992/72 of 5 March 1992 and
General Assembly resolution 47/136 of 18 December 1992,","
* In accordance with rule 69, paragraph 3, of the rules of procedure of
the functional commissions of the Economic and Social Council.",GE.99-12442,(E),"E/CN.4/1999/L.49
page 2","Mindful of General Assembly resolutions on the subject of extrajudicial,
summary or arbitrary executions, of which the latest is resolution 53/147 of
9 December 1998 in which the Assembly requested the Special Rapporteur to
submit to it at its fifty-fifth session an interim report on the situation
worldwide in regard to extrajudicial, summary or arbitrary executions and her
recommendations for more effective action to combat that phenomenon,","Recalling Economic and Social Council resolution 1984/50 of 25 May 1984
and the Safeguards guaranteeing protection of the rights of those facing the
death penalty annexed thereto, and Council resolution 1989/64 of 24 May 1989
on their implementation, as well as the Declaration of Basic Principles
of Justice for Victims of Crime and Abuse of Power, adopted by the
General Assembly in its resolution 40/34 of 29 November 1985,","Deeply alarmed at the persistence, on a large scale, of extrajudicial,
summary or arbitrary executions in all parts of the world,","Dismayed that in a number of countries impunity, the negation of
justice, continues to prevail and often remains the main cause of the
continued occurrence of extrajudicial, summary or arbitrary executions in
those countries,","Acknowledging the historic significance of the adoption of the
Rome Statute of the International Criminal Court,","Convinced of the need for effective action to combat and to eliminate
the abhorrent practice of extrajudicial, summary or arbitrary executions,
which represent a flagrant violation of the fundamental right to life,","1. Strongly condemns once again all the extrajudicial, summary or
arbitrary executions that continue to take place throughout the world;","2. Demands that all Governments ensure that the practice of
extrajudicial, summary or arbitrary executions is brought to an end and that
they take effective action to combat and eliminate the phenomenon in all its
forms;","3. Notes that impunity continues to be a major cause of the
perpetuation of violations of human rights, including extrajudicial, summary
or arbitrary executions;","4. Reiterates the obligation of all Governments to conduct exhaustive
and impartial investigations into all suspected cases of extrajudicial,
summary or arbitrary executions, to identify and bring to justice those","E/CN.4/1999/L.49
page 3","responsible, to grant adequate compensation to the victims or their families
and to adopt all necessary measures to prevent the recurrence of such
executions;","5. Calls upon the Governments of all States in which the death
penalty has not been abolished to comply with their obligations under relevant
provisions of international human rights instruments, keeping in mind the
safeguards and guarantees set out in Economic and Social Council
resolutions 1984/50 and 1989/64;","6. Urges Governments to undertake all necessary and possible measures
to prevent loss of life during situations of public demonstrations, internal
and communal violence, disturbances, tension and public emergency or armed
conflicts, and to ensure that the police and security forces receive thorough
training in human rights matters, in particular with regard to restrictions on
the use of force and firearms in the discharge of their functions;","7. Appeals to all Governments to ensure that all persons deprived of
their liberty are treated with humanity and with respect for the inherent
dignity of the human person and that conditions in places of detention
conform to the Standard Minimum Rules for the Treatment of Prisoners and,
where applicable, to the Geneva Conventions of 12 August 1949 and the
Additional Protocols thereto of 1977 in relation to the treatment of prisoners
in armed conflicts, as well as to other pertinent international instruments;","8. Takes note of the report of the Special Rapporteur (E/CN.4/1999/39
and Add. 1), including the attention given therein to and the recommendations
on various aspects and situations of violations of the right to life by
extrajudicial, summary or arbitrary executions;","9. Expresses its appreciation to those Governments that have invited
the Special Rapporteur to visit their countries, asks them to examine
carefully the recommendations made by the Special Rapporteur, invites them to
report to the Special Rapporteur on actions taken on those recommendations,
and requests other Governments, including those mentioned in the report of the
Special Rapporteur, to cooperate in a similar way;","10. Commends the important role the Special Rapporteur has played
towards the elimination of extrajudicial, summary or arbitrary executions and
encourages the Special Rapporteur to continue, within the framework of the
mandate, to collect information from all concerned and to seek the views and","E/CN.4/1999/L.49
page 4","comments of Governments in order to be able to respond effectively to reliable
information that comes before the Special Rapporteur and to follow up on
communications and country visits;","11. Requests the Special Rapporteur, in carrying out her mandate:","(a) To continue to examine situations of extrajudicial, summary or
arbitrary executions and to submit her findings on an annual basis, together
with conclusions and recommendations, to the Commission on Human Rights, as
well as such other reports as the Special Rapporteur deems necessary in order
to keep the Commission informed about serious situations of extrajudicial,
summary or arbitrary executions that warrant its immediate attention;","(b) To respond effectively to information which comes before her, in
particular when an extrajudicial, summary or arbitrary execution is imminent
or seriously threatened or when such an execution has occurred;","(c) To enhance further her dialogue with Governments, as well as to
follow up recommendations made in reports after visits to particular
countries;","(d) To continue to pay special attention to extrajudicial, summary or
arbitrary executions of children and to allegations concerning violations of
the right to life in the context of violence against participants in
demonstrations and other peaceful public manifestations or against persons
belonging to minorities;","(e) To pay special attention to extrajudicial, summary or arbitrary
executions where the victims are individuals carrying out peaceful activities
in defence of human rights and fundamental freedoms;","(£) To continue monitoring the implementation of existing
international standards on safeguards and restrictions relating to the
imposition of capital punishment, bearing in mind the comments made by the
Human Rights Committee in its interpretation of article 6 of the International
Covenant on Civil and Political Rights, as well as the Second Optional
Protocol thereto;",(9) To apply a gender perspective in her work;,"12. Urges the Special Rapporteur to draw to the attention of the
United Nations High Commissioner for Human Rights such situations of
extrajudicial, summary or arbitrary executions as are of particularly serious
concern to her or where early action might prevent further deterioration;","E/CN.4/1999/L.49
page 5","13. Welcomes the cooperation established between the Special
Rapporteur and other United Nations mechanisms and procedures relating to
human rights and encourages the Special Rapporteur to continue efforts in this
regard;",14. Strongly urges all Governments:,"(a) To cooperate with and assist the Special Rapporteur so that her
mandate may be carried out effectively, including, where appropriate, by
issuing invitations to the Special Rapporteur when she so requests, in keeping
with the usual terms of reference for missions by special rapporteurs of the
Commission on Human Rights;","(b) To respond to the communications transmitted to them by the
Special Rapporteur;","15. Expresses its concern that a number of Governments mentioned in
the report of the Special Rapporteur have not replied to specific allegations
and reports of extrajudicial, summary or arbitrary executions transmitted to
them by the Special Rapporteur;","16. Encourages Governments, United Nations bodies and organs, the
specialized agencies and intergovernmental and non-governmental organizations,
as appropriate, to initiate, coordinate or support programmes designed to
train and educate military forces, law enforcement officers and government
officials, as well as members of United Nations peacekeeping or observer
missions, on human rights and humanitarian law issues connected with their
work, and appeals to the international community to support endeavours to that
end;","17. Requests the Secretary-General to provide the Special Rapporteur
with an adequate and stable level of human, financial and material resources
in order to enable her to continue to carry out her mandate effectively,
including through country visits;","18. Also requests the Secretary-General to continue to use his best
endeavours in cases where the minimum standard of legal safeguards provided
for in articles 6, 9, 14 and 15 of the International Covenant on Civil and
Political Rights appears not to be respected;","19. Further requests the Secretary-General to continue, in close
collaboration with the High Commissioner for Human Rights, in conformity with
the High Commissioner's mandate established by the General Assembly in its","E/CN.4/1999/L.49
page 6","resolution 48/141 of 20 December 1993, to ensure that personnel specialized in
human rights and humanitarian law issues form part of United Nations missions,
where appropriate, in order to deal with serious human rights violations, such
as extrajudicial, summary or arbitrary executions;","20. Decides to consider the question of extrajudicial, summary or
arbitrary executions as a matter of priority at its fifty-sixth session under
the same agenda item.",
"UNITED
NATIONS E","st
St","Distr.
LIMITED","Economic and Social
Council","E/CN.4/1999/L.72
21 April 1999",Original:,ENGLISH,"
COMMISSION ON HUMAN RIGHTS
Fifty-fifth session
Agenda item 14 (d)",SPECIFIC GROUPS AND INDIVIDUALS,OTHER VULNERABLE GROUPS AND INDIVIDUALS,"Argentina, Australia*, Austria, Belarus*, Belgium*, Botswana, Bulgaria*,
Cameroon*, Canada, Chile, Croatia*, Cyprus*, El Salvador, Ethiopia*,
Finland*, France, Georgia*, Germany, Greece*, Guatemala, Honduras*,
Kenya*, Latvia, Lithuania*, Madagascar, Nepal, Netherlands*, Peru,
Philippines, Poland, Portugal*, Romania, Slovakia*, South Africa,
Spain*, Switzerland*, The former Yugoslav Republic of Macedonia*, Togo*,
Uganda*, Ukraine*, United Kingdom of Great Britain and Northern Ireland,
Zambia*, Zimbabwe*",,,,,,,,,,,,,,,,,,,,,,,,,,,,,,,,,,,,,,,,,,,,,,,,,,,,
"UNITED
NATIONS E","Ve
S","Economic and Social
Council","Distr.
LIMITED","E/CN.4/1999/L.91
22 April 1999",Original:,ENGLISH,"
COMMISSION ON HUMAN RIGHTS
Fifty-fifth session
Agenda item 17",PROMOTION AND PROTECTION OF HUMAN RIGHTS,"Albania*, Andorra*, Angola*, Argentina, Armenia*, Australia*,
Austria, Azerbaijan*, Belarus*, Belgium*, Bolivia*, Bosnia and
Herzegovina*, Brazil*, Bulgaria*, Cambodia*, Canada, Cape Verde,
Chile, Colombia, Costa Rica*, Croatia*, Cyprus*, Czech Republic,
Denmark*, Dominican Republic*, FEcuador, E1 Salvador, Estonia*,
Finland*, France, Georgia*, Germany, Greece*, Haiti*, Honduras*,
Hungary*, Iceland*, Ireland, Israel*, Ttaly, Latvia,
Liechtenstein*, TLithuania*, Luxembourg, Malta*, Mauritius, Mexico,
Monaco*, Netherlands*, New Zealand*, Nicaragqua*, Norway, Panama¥*,
Paragquay*, Poland, Portugal*, Romania, Russian Federation,
San Marino*, Sao Tome and Principe*, Slovakia*, Slovenia*,
South Africa, Spain*, Sweden*, Switzerland*, The former Yugoslav
Republic of Macedonia*, Turkmenistan*, United Kingdom of
Great Britain and Northern Ireland, Uruguay, Venezuela",,,,,,,,,,,,,,,,,,,,,,,,,,,,,,,,,,,,,,,,,,,,,,,,,,,,,
"@ United Nations Assans
7>\ General Assembl Disr.: Limited
\\i\ /)/) y 10 September 1999
W Original: English","Distr.: Limited
10 September 1999",Original: English,"Fifty-fourth session
Item 19 of the provisional agenda’
Admission of new Members to the United Nations","Argentina, Armenia, Australia, Bangladesh, Barbados, Belgium, Bhutan, Brazil,
Brunei Darussalam, Chad, Chile, China, Costa Rica, Czech Republic, Denmark,
Ecuador, El Salvador, Fiji, Finland, France, Georgia, Germany, Guatemala, Haiti,
India, Indonesia, Ireland, Israel, Italy, Japan, Latvia, Lebanon, Liechtenstein,
Luxembourg, Malaysia, Maldives, Marshall Islands, Mexico, Micronesia
(Federated States of), Mongolia, Myanmar, Nepal, New Zealand, Nicaragua,
Norway, Pakistan, Panama, Papua New Guinea, Philippines, Poland, Portugal,
Republic of Korea, Romania, Samoa, San Marino, Saudi Arabia, Singapore,
Slovakia, Slovenia, Solomon Islands, Sri Lanka, Suriname, Syrian Arab Republic,
Thailand, the former Yugoslav Republic of Macedonia, Trinidad and Tobago,
Turkey, Ukraine, United Kingdom of Great Britain and Northern Ireland,
Vanuatu and Venezuela",,,,,,,,,,,,,,,,,,,,,,,,,,,,,,,,,,,,,,,,,,,,,,,,,,,,,,,,,,
"@ United Nations Assana
7>\ General Assembl Distr.: Limited
\\i\ /)/) y 10 September 1999
W Original: English","Distr.: Limited
10 September 1999",Original: English,"Fifty-fourth session
Item 19 of the provisional agenda’
Admission of new Members to the United Nations","Argentina, Armenia, Australia, Bangladesh, Barbados, Belgium, Bhutan, Brazil,
Brunei Darussalam, Chad, Chile, China, Costa Rica, Czech Republic, Denmark,
Ecuador, El Salvador, Fiji, Finland, France, Georgia, Germany, Guatemala, Haiti,
India, Indonesia, Ireland, Israel, Italy, Japan, Latvia, Lebanon, Liechtenstein,
Luxembourg, Malaysia, Maldives, Marshall Islands, Mexico, Micronesia
(Federated States of), Mongolia, Myanmar, Nepal, New Zealand, Nicaragua,
Norway, Pakistan, Panama, Papua New Guinea, Philippines, Poland, Portugal,
Republic of Korea, Romania, Samoa, San Marino, Saudi Arabia, Singapore,
Slovakia, Slovenia, Solomon Islands, Spain, Sri Lanka, Suriname, Syrian Arab
Republic, Thailand, the former Yugoslav Republic of Macedonia, Trinidad and
Tobago, Turkey, Ukraine, United Kingdom of Great Britain and Northern Ireland,
Vanuatu and Venezuela",,,,,,,,,,,,,,,,,,,,,,,,,,,,,,,,,,,,,,,,,,,,,,,,,,,,,,,,,,
"@ United Nations Assan
7>\ General Assembl Disr.: Limited
\\i\ /)/) y 10 September 1999
W Original: English","Distr.: Limited
10 September 1999",Original: English,"Fifty-fourth session
Item 19 of the provisional agenda’
Admission of new Members to the United Nations","Argentina, Armenia, Australia, Bangladesh, Barbados, Belgium, Bhutan, Brazil,
Brunei Darussalam, Chad, Chile, Costa Rica, Czech Republic, Denmark, Ecuador,
El Salvador, Fiji, Finland, France, Georgia, Germany, Guatemala, Haiti, India,
Indonesia, Ireland, Israel, Italy, Japan, Latvia, Lebanon, Liechtenstein,
Luxembourg, Malaysia, Maldives, Marshall Islands, Mexico, Micronesia
(Federated States of), Mongolia, Myanmar, Nepal, New Zealand, Nicaragua,
Norway, Pakistan, Panama, Papua New Guinea, Philippines, Poland, Portugal,
Republic of Korea, Samoa, San Marino, Saudi Arabia, Singapore, Slovakia,
Slovenia, Solomon Islands, Sri Lanka, Suriname, Syrian Arab Republic, Thailand,
the former Yugoslav Republic of Macedonia, Trinidad and Tobago, Turkey,
Ukraine, United Kingdom of Great Britain and Northern Ireland, Vanuatu and
Venezuela",,,,,,,,,,,,,,,,,,,,,,,,,,,,,,,,,,,,,,,,,,,,,,,,,,,,,,,,,,
"@ United Nations Assan
s \ o
\‘{"" \Q\); General Assembly PSR
\\s- 74
Original: English","Distr.: Limited
6 October 1999",Original: English,Fifty-fourth session,Agenda item 162,"Observer status for the International Union for the Conservation of
Nature and Natural Resources in the General Assembly","Argentina, Australia, Austria, Bangladesh, Belgium, Burkina Faso, Canada, Chile,
Colombia, the Congo, Costa Rica, Cyprus, Denmark, Ecuador, El Salvador,
France, Georgia, Germany, Greece, Guatemala, Guinea-Bissau, Ireland, Italy,
Jamaica, Kenya, Malta, Monaco, Mongolia, Nepal, New Zealand, Nicaragua,
Niger, Panama, Peru, Senegal, Slovenia, Spain, Sweden, the former Yugoslav
Republic of Macedonia, Togo, United States of America and Viet Nam",,,,,,,,,,,,,,,,,,,,,,,,,,,,,,,,,,,,,,,,,,,,,,,,,,,,,,,,
"@ United Nations Assans
s \ o
\‘{"" \Q\); General Assembly o
\\s- 74
Original: English","Distr.: Limited
6 October 1999",Original: English,Fifty-fourth session,Agenda item 168,"Granting of observer status in the General Assembly for the Black Sea
Economic Cooperation Organization","Albania, Armenia, Austria, Azerbaijan, Belgium, Bulgaria, Costa Rica, Cyprus,
Czech Republic, Ecuador, Finland, France, Georgia, Germany, Greece, Hungary,
Ireland, Israel, Italy, Kazakhstan, Luxembourg, Malta, Poland, Portugal,
Republic of Moldova, Romania, Russian Federation, Sweden, Thailand, the former
Yugoslav Republic of Macedonia, Turkey, Ukraine and United States of America",,,,,,,,,,,,,,,,,,,,,,,,,,,,,,,,,,,,,,,,,,,,,,,,,,,,,,,,
"United Nations Ascsisania
(/V/ \’ G l A bl Distr.: Limited
V V enera ssem y 15 October 1999
\\s: 74
Original: English","Distr.: Limited
15 October 1999",Original: English,"Fifty-fourth session
Third Committee
Agenda item 109
Advancement of women","Antigua and Barbuda, Argentina, Bangladesh, Barbados, Belarus, Belize, Benin,
Bolivia, Botswana, Chile, Colombia, Comoros, Costa Rica, Cote d’Ivoire, Cuba,
Dominica, Dominican Republic, El Salvador, Equatorial Guinea, Ethiopia,
Georgia, Ghana, Guatemala, Guinea, Guyana, Haiti, Honduras, Israel, Italy,
Jamaica, Liberia, Liechtenstein, Madagascar, Malawi, Mali, Mexico, Micronesia
(Federated States of), Monaco, Morocco, Mozambique, Namibia, Nicaragua,
Palau, Panama, Paraguay, Peru, Republic of Korea, Republic of Moldova,
Romania, Saint Lucia, Senegal, South Africa, Spain, Suriname, the former
Yugoslav Republic of Macedonia, Trinidad and Tobago, Ukraine, Uruguay and
Venezuela",,,,,,,,,,,,,,,,,,,,,,,,,,,,,,,,,,,,,,,,,,,,,,,,,,,,,,,,,,
"United Nations Avc.1/5a.20
& \) General Assembl Distr.: Limited
\\’l }\/’ \ 22 October 1999
S
Original: English","Distr.: Limited
22 October 1999",Original: English,Fifty-fourth session,First Committee,Agenda item 76,General and complete disarmament,"Albania, Argentina, Australia, Austria, Bangladesh, Belgium, Bolivia, Bulgaria,
Cameroon, Canada, Chad, Chile, Costa Rica, Céte d’Ivoire, Croatia, Cyprus,
Czech Republic, Denmark, Ecuador, El Salvador, Ethiopia, Fiji, Finland,
France, Gabon, Georgia, Germany, Ghana, Greece, Guatemala, Haiti, Iceland,
Ireland, Italy, Japan, Latvia, Liberia, Lithuania, Luxembourg, Malawi, Mali,
Malta, Monaco, Mozambique, Netherlands, New Zealand, Nicaragua, Niger,
Nigeria, Norway, Panama, Peru, Poland, Portugal, Republic of Korea, Republic
of Moldova, Romania, San Marino, Slovakia, Slovenia, Spain, Swaziland,
Sweden, the former Yugoslav Republic of Macedonia, Turkey, United Kingdom
of Great Britain and Northern Ireland, United States of America, Uruguay,
Venezuela",,,,,,,,,,,,,,,,,,,,,,,,,,,,,,,,,,,,,,,,,,,,,,,,,,,,,,,
"United Nations Avc.1/54.39
& \) General Assembl Distr.: Limited
\\’l }\/’ \ 22 October 1999
S
Original: English","Distr.: Limited
22 October 1999",Original: English,Fifty-fourth session,First Committee,Agenda item 76 (b),General and complete disarmament: transparency in armaments,"Andorra, Argentina, Armenia, Australia, Austria, Bangladesh, Belgium, Benin,
Bhutan, Bolivia, Bosnia and Herzegovina, Brazil, Bulgaria, Burkina Faso,
Cameroon, Canada, Chile, Costa Rica, Croatia, Cyprus, Czech Republic,
Denmark, Dominican Republic, Ecuador, Fiji, Finland, France, Georgia,
Germany, Greece, Guatemala, Hungary, Iceland, Ireland, Israel, Italy, Japan,
Kazakhstan, Kyrgyzstan, Latvia, Liechtenstein, Lithuania, Luxembourg,
Malaysia, Mali, Malta, Monaco, Mongolia, Nepal, Netherlands, New Zealand,
Nicaragua, Niger, Nigeria, Norway, Panama, Paraguay, Peru, Philippines,
Poland, Portugal, Republic of Korea, Republic of Moldova, Romania, Russian
Federation, Samoa, San Marino, Sierra Leone, Slovakia, Slovenia, Solomon
Islands, South Africa, Spain, Swaziland, Sweden, The former Yugoslav Republic
of Macedonia, Togo, Turkey, Ukraine, United Kingdom of Great Britain and
Northern Ireland, United States of America, Uruguay and Venezuela",,,,,,,,,,,,,,,,,,,,,,,,,,,,,,,,,,,,,,,,,,,,,,,,,,,,,,,
"United Nations Avcsisamiamen
4, N o
(@D General Assembly Distr; Limited
\\s: 7
Original: English","Distr.: Limited
28 October 1999",Original: English,"Fifty-fourth session
Third Committee
Agenda item 109
Advancement of women","Algeria, Andorra, Antigua and Barbuda, Argentina, Australia, Bahamas,
Bangladesh, Barbados, Belarus, Belize, Benin, Bhutan, Bolivia, Botswana,
Brazil, Burkina Faso, Cameroon, Canada, Chile, Colombia, Comoros, Costa
Rica, Croatia, Cote d’Ivoire, Cuba, Cyprus, Dominica, Dominican Republic,
Ecuador, El Salvador, Equatorial Guinea, Ethiopia, France, Gambia, Georgia,
Ghana, Guatemala, Guinea, Guyana, Haiti, Honduras, Hungary, Iceland, India,
Indonesia, Ireland, Israel, Italy, Jamaica, Kuwait, Liberia, Liechtenstein,
Lithuania, Madagascar, Malawi, Mali, Mexico, Micronesia (Federated States
of), Monaco, Morocco, Mozambique, Namibia, New Zealand, Nicaragua,
Norway, Palau, Pakistan, Panama, Paraguay, Peru, Portugal, Republic of Korea,
Republic of Moldova, Romania, Rwanda, Saint Kitts and Nevis, Saint Lucia, San
Marino, Senegal, Slovenia, Solomon Islands, South Africa, Spain, Sudan,
Suriname, Tajikistan, Thailand, the former Yugoslav Republic of Macedonia,
Trinidad and Tobago, Tunisia, Uganda, Ukraine, Uruguay and Venezuela:
",,,,,,,,,,,,,,,,,,,,,,,,,,,,,,,,,,,,,,,,,,,,,,,,,,,,,,,,,,
"United Nations AJc3i54/1 8/Rev.1
¢ \) Distr.: Limited
¥ V General Assembly tstr.: Limite
\‘ V 8 November 1999
S
Original: English","Distr.: Limited
8 November 1999",Original: English,"Fifty-fourth session
Third Committee
Agenda item 116 (a)
Human rights questions: implementation of human rights instruments","Andorra, Argentina, Armenia, Australia, Austria, Azerbaijan, Belarus, Belgium,
Bolivia, Brazil, Bulgaria, Canada, Cape Verde, Chile, Colombia, Costa Rica,
Croatia, Cyprus, Czech Republic, Denmark, Dominican Republic, Ecuador,","El Salvador, Estonia, Finland, France, Georgia, Germany, Greece, Guinea-
Bissau, Haiti, Honduras, Hungary, Iceland, Ireland, Israel, Italy, Latvia,
Liechtenstein, Lithuania, Luxembourg, Malta, Mauritius, Mexico, Micronesia
(Federated States of), Monaco, Namibia, Netherlands, New Zealand, Nicaragua,
Norway, Palau, Panama, Paraguay, Poland, Portugal, Republic of Moldova,
Romania, San Marino, Sao Tome and Principe, Slovakia, Slovenia, Solomon
Islands, South Africa, Spain, Sweden, the former Yugoslav Republic of
Macedonia, Turkmenistan, United Kingdom of Great Britain and Northern
Ireland, Uruguay, Vanuatu and Venezuela",,,,,,,,,,,,,,,,,,,,,,,,,,,,,,,,,,,,,,,,,,,,,,,,,,,,,,,,,
"United Nations Avc3isam.a0
V/ \ Distr.: Limited
{&@ General Assembly Dist: Limited
English
> Original: Arabic",Distr.: Limited,"4 November 1999
English
Original: Arabic",Fifty-fourth session,Third Committee,Agenda item 112,Promotion and protection of the rights of children,"Andorra, Armenia, Australia, Austria, Bangladesh, Belgium, Bosnia and
Herzegovina, Bulgaria, Canada, Croatia, Cyprus, Czech Republic, Denmark,
Egypt, Estonia, Finland, France, Georgia, Germany, Greece, Hungary, Iceland,
Ireland, Italy, Kazakhstan, Latvia, Liechtenstein, Lithuania, Luxembourg,
Malta, Malaysia, Monaco, Mongolia, Namibia, Netherlands, Nigeria, Norway,
Pakistan, Peru,” Philippines, Poland, Portugal, Romania, San Marino, Slovakia,
Slovenia, Spain, Sweden, the former Yugoslav Republic of Macedonia, Tunisia,
Ukraine, United Kingdom of Great Britain and Northern Ireland, Venezuela",,,,,,,,,,,,,,,,,,,,,,,,,,,,,,,,,,,,,,,,,,,,,,,,,,,,,,,
"United Nations Asc3isanes
7 \ o",(@D General Assembly Dis: Limited,"\‘A y)/ ovemoer
=L Original: English","Distr.: Limited
11 November 1999",Original: English,Fifty-fourth session,Third Committee,Agenda item 116 (b),"Human rights questions: human rights questions, including alternative
approaches for improving the effective enjoyment of human rights and
fundamental freedoms","Afghanistan, Argentina, Armenia, Australia, Austria, Belarus, Bosnia and
Herzegovina, Brazil, Bulgaria, Canada, Cape Verde, Chile, Colombia, Costa
Rica, Céte d’Ivoire, Croatia, Cyprus, Czech Republic, Denmark, Ecuador,
Ethiopia, Finland, Georgia, Greece, Guatemala, Hungary, Iceland, Israel, Italy,
Latvia, Liechtenstein, Lithuania, Malta, Monaco, Netherlands, Norway, Panama,
Poland, Portugal, Republic of Korea, Russian Federation, San Marino, Slovakia,
Slovenia, Spain, Sudan, Sweden, Thailand, the former Yugoslav Republic of
Macedonia, Ukraine, United Kingdom of Great Britain and Northern Ireland,
United States of America and Uruguay",,,,,,,,,,,,,,,,,,,,,,,,,,,,,,,,,,,,,,,,,,,,,,,,,,,,,
"United Nations Avc3isane6
V/ \ Distr.: Limited","\y&@ General Assembly 12 November 1999
W Original: English","Distr.: Limited
12 November 1999",Original: English,Fifty-fourth session,Third Committee,Agenda item 116 (b),"Human rights questions: human rights questions, including alternative
approaches for improving the effective enjoyment of human rights and
fundamental freedoms","Angola, Argentina, Armenia, Australia, Austria, Belarus, Belgium, Bosnia and
Herzegovina, Brazil, Bulgaria, Canada, Cape Verde, Costa Rica, Céte d’Ivoire,
Cyprus, Czech Republic, Denmark, Ecuador, Ethiopia, Finland, Georgia,
Germany, Greece, Guatemala, Hungary, Iceland, Ireland, Israel, Italy, Japan,
Latvia, Liechtenstein, Lithuania, Luxembourg, Malta, Monaco, Netherlands,
New Zealand, Norway, Panama, Paraguay, Poland, Portugal, Republic of Korea,
Republic of Moldova, Russian Federation, San Marino, Slovakia, Slovenia, South
Africa, Sweden, the former Yugoslav Republic of Macedonia, Ukraine, and
United Kingdom of Great Britain and Northern Ireland",,,,,,,,,,,,,,,,,,,,,,,,,,,,,,,,,,,,,,,,,,,,,,,,,,,,,,
"[/
A 3 Al g‘z’!
Distr.
LIMITED TSN","(&)
\Se7)
i",dols)) dzas,"LA 1\,
AJC.3/54/L.70% - | {71\/
15 November 1999 MIJJ‘ - C ‘ ‘""'i')
ARABIC N
ORIGINAL: ENGLISH","Qg—a.u.e‘:a""g a.i.ﬂ)."" 3)3.\.""
aJL) L
Jhec §1 Joasr cro () V1T s","GUd 0 Loy (OlanY) @i Joluwo (ol 3 g J5luwo
Olun¥) @ gy (dadd) pmiaid) (i Ay ad) 7yl
el ol ol",ot 33y LSl Ll 593168) s Lad T o 531 w9501 S5,Aadl LS5 liwnleS 55 (e g (sl dmwgd) e,ogabaludl (LY (6w Lo yar A L) 40 Mo g2 ool Lo gadie oy ) gesr,"s iLecagdoS (LS Hliw oS Yl ek 1 GlaSorls (G o) s (O3 9wd)
N2 g g duo tangdl (w gudiy Hgo 2 il",ola Yy glun) G gds,aladl crasdl (),"oM gLl galee (e ls Voluny) §oisd ool (Me¥ly 8 axiall ‘M’S’i Glices Ad yiws 3
bl Grdoal) Gaagally (Vsasiall aedl Glise) Ly Joal o Galadly sl cal3Slally Al
DoLusY) G piom","g asiall aefl LAY (el iy gl o SAN Aewliay alall GMe¥l ) neds 3o
Ad Glewd Lalas) sl *","(¥ - ) i YAy e "")",B8 el (YO - 3) YIY0 Lisal  (Y),30yl (YY - 3) i Y¥ee ) (¥),0e LA sl (8),e,99-34752,151199,151199,"A/C.3/54/L.70
Arabic
Page 2","OLusyl §sis) pallall paihell Loaseic! cpall locd Joo geb ps odle) oI Liwl neds 3fs
by Glus¥) §od soad ] Jaddl e ola ¥ o seibell Leged aSi uallly (OVA4Y ole B
cado) yias all g Z,'Hul.w's""","£ o5l VAO/EY 9 VAAY siaun s /Jo¥) snlS Yo £ ,5ell VYY/EA LySlyl o8 ) G JAS a5 3,
T o5l AYY/OY 51880 sewns /Je¥) GenlS YY ¢ 5ol VATO: 9 VAL, ewns /Jg¥) elS YY
NAAY e s /Je%) GeulS VY","Joall #157 uaily of plall Ged) () 4t s g3 AYY/OY Laslsd ) ol S uds 3
3 0 peasm Sl piadl () Aty 1o pa Loy ASE] prams imla ¥ e o yuall LUYI oliy slacd)
LS ol sty Gluny)","b YYNA48 ) )l Laww Yo (Olun¥) §gdo Lo (e 5 j0ball lnlud) @l )l Jad (I wcds 3
e A e ol Al e duoball Alall culd olyla) e Mad NV A44 gy ui/Glaca ¥
(olan¥) § g dylesg","O] §aio ens () CBags ) 0 salheg IS prams ol ¥ Jleel ol Lge 3o nd 3o
Adgally drdog)l sgganl ak ) & pewne JI5 ¥","Bl B Gl s Lsals glun¥l Gais Jof of Laslac) o add 3,",o Langs sl B wld) @3 le ddS Ao asgy la Yl of Lawl Lajlae) 8 a3,"Gwlu®) Slhssdly Glun¥l Gais> grem 335 Joall prem cumls o Of e Sk as 3,
WJL g ple Uiy LSle ) ran by B e ¥l gl ) lanls 3,0 JS aun of ios @l Loy lpulesy",e la Y] ile Losdl 15 5 ) (Glus¥) § oo Aaeusdl Sl ¥l #13) 3pad GIB Lo olun 3,&S Juasdl A/CONF.157/24 (Part I)  (0),"(E/1997/23) ¥¥ ad, ganlall 1498 o Lain¥ly g sbaid¥) Guloall dew ) @505 ol : il )
i g sl (AL Sl",e,99-34752,"A/C.3/54/L.70
Arabic
Page 3","Gpally Jibs$lg sl aged (rar #h Bl Golnd$) sac 2150 L) WsLaw) ge o ya3 3y
OSer ¥ ey Adledie lajly caie Jlocl 0 agiosgdng pgissuies smla Y agkiiy G
REPRUIN VS SU P RCIRE ) NS","e amin Lo Mad (Joally Gidosll s aesall Gle ol adally dolwfl g gdial) sk olad¥) B Jass
A3 yully (la )l any elaie¥ly caladdly 313Ny Jidl Jhe & edad adl s alSS)) (e U3","A ¥ 3Me (eels e Y Acwliadl culglasdl sLac®) Joal) A of iceal aSES 3
g ol agilolieg pgde Uaudl L) UL ola ) Jleel 0uS 5 ol Godoes ol Gododain","tabea) Lidy o blodl) 58959 3,0l Glus¥) §ois iles ) Aol Lajbac) B8 pads 3
Bl B @) Lacw Yo cdlall I3 Zdoal) HeSually Glusyl G sis","polo Uiy ddate gsSs of 29 ¥ ala Yl isdlSel 353 L) seladl US of aas e aS55 3
Ol Y) G ooy Adlatal) Gdgall ealaal) Lgd Loy Alaall l3 Joal) geala)) plS>i go",-,"
a8y Za oy bl B GaUly Boi Levgs Glwal B Gal lSlgmsl (as",Sy,o aliey WSS pras aSlw jlosy acdluiy wla ¥ Jlee® dablil Lyols) aSB a5 - ¥,Aodlu) GUAy B2y dndol yiayally Gewluw$) by ol Glus¥) §ads yeons ) oS Aadnl Lyawss,"geionell ST Abgdiay de g rdall § ol AUSdiall logSoll L) it de e rep slgiely Jgall deerldy)
1J9al) de Lain¥ly iy sbaid¥) deaiilly 3 ks @lo idodey (gaaaill el","I3 ol geslall alS>$ sy iladdly ZeydU) smlad) gras 3Ll Joal ) clbes - £
o aliey IS gresms (olaL¥) Jloel aied (Glas¥) §odow ddlaiell ideall yolael lgd Loy il
(Lo 0S5 po oS Ly eyl Lol lpde $Ladlly LyimdlSos","i8S, e ong.\.""s g-‘:‘-ﬁg' Rl (Hde gelad 0Ly e ng.\."" el G -0
e SLadll Caags olusy) Gois oo L Loy bl cul3 Adgal) ySuall Lidy ala 3",tale ¥y aially & sl Gl S e oo o) (ppaS,-,e,99-34752,"A/C.3/54/L.70
Arabic
Page 4","oS5 e AaSlone Bagy ""AeSlomal) of aekucid) Lof"" Tace) Jlce¥) le flae ) Joal) css - Y
fagte Guidel giall (pe Mdd ola Y Jlesl","Dlw! ol ¥ e il LUY olis sl caad Sl GlesSsdl e 5 - A
N899 Gulas ol V1 G 5all alad) (oSl o saddl 3,530l","LB% uLIu slac JeaJl ‘UT wvleadl Jolgs Qi adl Cdlasy ‘(V)‘al.i."" Q,,.e'?' BYRY Mgy gt -9
b yodly Olus¥) §ods prasms JolSI el ) dewdly o palliey SST prasms ola ¥ e s el
10 3 RS Q.,’é Lg::';.\! U ;a:u.ul.w's""","Osirall 2 bl B ey dwsludl Lgises o3 laedl sda G s of Has -V
TolasY) G gas U5l","
A/54/439 (V)",e,"99-34752
",
"United Nations Avcssanon
V/ \ Distr.: Limited","{&@ General Assembly Distr; Limited
W Original: English","Distr.: Limited
16 November 1999",Original: English,Fifty-fourth session,Third Committee,Agenda item 111,"Report of the United Nations High Commissioner for Refugees,
questions relating to refugees, returnees and displaced persons and
humanitarian questions","Armenia, Austria, Belarus, Belgium, Denmark, Finland, France, Georgia,
Germany, Greece, Hungary, Ireland, Israel, Italy, Japan, Kyrgyzstan,
Luxembourg, Netherlands, Norway, Portugal, Russian Federation, Spain,
Sweden, Tajikistan, Turkmenistan, United Kingdom of Great Britain and
Northern Ireland and United States of America",,,,,,,,,,,,,,,,,,,,,,,,,,,,,,,,,,,,,,,,,,,,,,,,,,,,,,
"United Nations AusarLzo
V/ \ Distr.: Limited
{&@ General Assembly Distr; Limited
English
W Original: Spanish",Distr.: Limited,"16 November 1999
English",Original: Spanish,"Fifty-fourth session
Agenda item 21
University for Peace","Afghanistan, Algeria, Andorra, Antigua and Barbuda, Argentina, Bangladesh,
Barbados, Belarus, Belize, Bolivia, Bosnia and Herzegovina, Bulgaria,
Cambodia, Chile, Colombia, Comoros, Congo, Costa Rica, Cote d’Ivoire, Cuba,
Cyprus, Djibouti, Dominica, Dominican Republic, Ecuador, Egypt, El Salvador,
Equatorial Guinea, Georgia, Greece, Grenada, Guatemala, Haiti, Honduras,
Ireland, Kuwait, Lebanon, Liberia, Libyan Arab Jamahiriya, Monaco,
Mongolia, Morocco, Nicaragua, Oman, Panama, Paraguay, Peru, Philippines,
Poland, Qatar, Republic of Korea, Romania, Russian Federation, San Marino,
Senegal, Seychelles, Solomon Islands, Spain, Sudan, Suriname, Tajikistan,
Trinidad and Tobago, Tunisia, United Arab Emirates, Uruguay and Venezuela",,,,,,,,,,,,,,,,,,,,,,,,,,,,,,,,,,,,,,,,,,,,,,,,,,,,,,,,,
"United Nations AJsan 26
V/ \ Distr.: Limited
g@?\} General Assembly Distr: Limited
Original: English","Distr.: Limited
19 November 1999",Original: English,Fifty-fourth session,Agenda item 22,"Building a peaceful and better world through sport and the
Olympic ideal","Albania, Algeria, Andorra, Angola, Antigua and Barbuda, Argentina, Armenia,
Australia, Austria, Azerbaijan, Bahamas, Bahrain, Bangladesh, Barbados,
Belarus, Belize, Benin, Bhutan, Bolivia, Bosnia and Herzegovina, Botswana,
Brazil, Brunei Darussalam, Bulgaria, Burkina Faso, Burundi, Cambodia,
Cameroon, Canada, Cape Verde, Central African Republic, Chad, Chile, China,
Colombia, Comoros, Congo, Costa Rica, Cote d’Ivoire, Croatia, Cyprus, Czech
Republic, Democratic People’s Republic of Korea, Democratic Republic of the
Congo, Denmark, Djibouti, Dominica, Dominican Republic, Ecuador, Egypt, El
Salvador, Equatorial Guinea, Eritrea, Estonia, Ethiopia, Fiji, Finland, France,
Gabon, Gambia, Georgia, Germany, Ghana, Greece, Grenada, Guatemala,
Guinea, Guinea-Bissau, Guyana, Haiti, Honduras, Iceland, India, Indonesia,
Iraq, Ireland, Israel, Italy, Jamaica, Japan, Jordan, Kazakhstan, Kenya,
Kuwait, Kyrgyzstan, Latvia, Lebanon, Lesotho, Liberia, Liechtenstein,
Lithuania, Luxembourg, Madagascar, Malawi, Malaysia, Maldives, Mali, Malta,
Marshall Islands, Mauritania, Mauritius, Micronesia (Federated States of),
Monaco, Mongolia, Morocco, Mozambique, Myanmar, Namibia, Nepal,
Netherlands, New Zealand, Nicaragua, Niger, Nigeria, Norway, Oman, Pakistan,
Panama, Papua New Guinea, Paraguay, Peru, Philippines, Poland, Portugal,
Qatar, Republic of Korea, Romania, Russian Federation, Rwanda, Saint Kitts
and Nevis, Saint Lucia, Saint Vincent and the Grenadines, Samoa, San Marino,
Saudi Arabia, Senegal, Seychelles, Sierra Leone, Singapore, Slovakia, Slovenia,
Solomon Islands, South Africa, Spain, Sudan, Suriname, Swaziland, Sweden,
Syrian Arab Republic, Tajikistan, Thailand, the former Yugoslav Republic of
Macedonia, Togo, Trinidad and Tobago, Tunisia, Turkey, Turkmenistan,
Uganda, Ukraine, United Arab Emirates, United Kingdom of Great Britain and
Northern Ireland, United Republic of Tanzania, United States of America,
Uruguay, Venezuela, Viet Nam, Yemen, Zambia and Zimbabwe",,,,,,,,,,,,,,,,,,,,,,,,,,,,,,,,,,,,,,,,,,,,,,,,,,,,,,,,
"United Nations A5 17rev1
V/ \ Distr.: Limited","\y&@ General Assembly 16 November 1999
W Original: English","Distr.: Limited
16 November 1999",Original: English,Fifty-fourth session,Agenda item 20 (a),"Strengthening of the coordination of humanitarian and disaster relief
assistance of the United Nations, including special economic assistance:
strengthening of the coordination of emergency humanitarian
assistance of the United Nations","Afghanistan, Albania, Algeria, Antigua and Barbuda, Argentina, Armenia,
Australia, Austria, Azerbaijan, Bangladesh, Belgium, Bosnia and Herzegovina,
Brazil, Bulgaria, Cameroon, Canada, Cape Verde, Chad, Chile, China, Comoros,
Costa Rica, Croatia, Cyprus, Czech Republic, Democratic Republic of the
Congo, Denmark, Djibouti, Ecuador, Egypt, El Salvador, Estonia, Fiji, Finland,
France, Georgia, Germany, Ghana, Greece, Grenada, Guatemala, Honduras,
Hungary, Ireland, Italy, Jamaica, Japan, Jordan, Kazakhstan, Kyrgyzstan,
Latvia, Lebanon, Luxembourg, Madagascar, Malawi, Malaysia, Malta,
Mauritius, Mexico, Micronesia (Federated States of), Monaco, Mongolia,
Morocco, Myanmar, Netherlands, New Zealand, Nicaragua, Norway, Pakistan,
Panama, Peru, Poland, Portugal, Republic of Korea, Republic of Moldova,
Romania, Russian Federation, Saint Kitts and Nevis, San Marino, Senegal,
Seychelles, Slovakia, Slovenia, Solomon Islands, Spain, Suriname, Swaziland,
Sweden, Tajikistan, Thailand, the former Yugoslav Republic of Macedonia,
Togo, Trinidad and Tobago, Tunisia, Turkey, Turkmenistan, Ukraine, United
Arab Emirates, United Kingdom of Great Britain and Northern Ireland, United
States of America, Uruguay, Uzbekistan and Venezuela",,,,,,,,,,,,,,,,,,,,,,,,,,,,,,,,,,,,,,,,,,,,,,,,,,,,,,,
"United Nations Avc3/541.95
V/ \ Distr.: Limited","{&@ General Assembly Distr; Limited
W Original: English","Distr.: Limited
17 November 1999",Original: English,Fifty-fourth session,Third Committee,Agenda item 111,"Report of the United Nations High Commissioner for Refugees,
questions relating to refugees, returnees and displaced persons and
humanitarian questions","Andorra, Angola, Argentina, Armenia, Australia, Austria, Belgium, Benin,
Bolivia, Botswana, Bulgaria, Burkina Faso, Burundi, Cameroon, Canada, Cape
Verde, Chad, Chile, China, Colombia, Congo, Costa Rica, Céte d’Ivoire, Croatia,
Cyprus, Czech Republic, Denmark, Ecuador, El Salvador, Eritrea, Ethiopia,
Fiji, Finland, France, Gambia, Georgia, Germany, Ghana, Greece, Grenada,
Guatemala, Guinea, Guinea-Bissau, Haiti, Hungary, Iceland, Ireland, Israel,
Italy, Japan, Kenya, Liberia, Liechtenstein, Lithuania, Luxembourg, Mali,
Malta, Mexico, Monaco, Morocco, Netherlands, New Zealand, Nicaragua, Niger,
Nigeria, Norway, Peru, Poland, Portugal, Republic of Korea, Romania, Russian
Federation, San Marino, Senegal, Sierra Leone, Slovakia, Slovenia, South Africa,
Spain, Swaziland, Sweden, Thailand, the former Yugoslav Republic of
Macedonia, Togo, Ukraine, United Kingdom of Great Britain and Northern
Ireland, United States of America, Zambia and Zimbabwe",,,,,,,,,,,,,,,,,,,,,,,,,,,,,,,,,,,,,,,,,,,,,,,,,,,,,,
"United Nations Assan oz
4 N o
(@) General Assembly e g
£\",R Original: English,"Distr.: Limited
23 November 1999",Original: English,Fifty-fourth session,Agenda item 39,"Support by the United Nations system of the efforts of Governments to
promote and consolidate new or restored democracies","Armenia, Andorra, Australia, Belarus, Benin, Chile, Costa Rica, Croatia, Cyprus,
Czech Republic, Denmark, France, Georgia, Germany, Greece, Guyana, Hungary,
India, Ireland, Israel, Italy, Kazakhstan, Kyrgyzstan, Lesotho, Mali, Malta,
Mongolia, Mozambique, Netherlands, Nicaragua, Norway, Peru, Philippines,
Portugal, Republic of Korea, Republic of Moldova, Romania, Sierra Leone, Slovakia,
South Africa, Spain, the former Yugoslav Republic of Macedonia, Ukraine, Uruguay
and Uzbekistan",,,,,,,,,,,,,,,,,,,,,,,,,,,,,,,,,,,,,,,,,,,,,,,,,,,,,,,
"United Nations Assan 3z
4 N o
(@) General Assembly e g
£\",R Original: English,"Distr.: Limited
23 November 1999",Original: English,Fifty-fourth session,Agenda item 39,"Support by the United Nations system of the efforts of Governments to
promote and consolidate new or restored democracies","Albania, Andorra, Armenia, Australia, Azerbaijan, Bangladesh, Benin, Bolivia,
Bosniaand Herzegovina, Bulgaria, Burkina Faso, Canada, Cape Verde, Costa Rica,
Céte d’Ivoire, Cyprus, Czech Republic, Ecuador, France, Georgia, Hungary, I celand,
India, Italy, Kazakhstan, Liechtenstein, Lithuania, Mali, Malta, Mongolia, Morocco,
Mozambique, Netherlands, Nicaragua, Niger, Panama, Paraguay, Peru, Philippines,
Poland, Republic of Korea, Republic of Moldova, Romania, Russian Federation,
Sierra Leone, Slovakia, Slovenia, Spain, the former Yugoslav Republic of Macedonia,
Ukraine, United States of America, Uruguay and Uzbekistan",,,,,,,,,,,,,,,,,,,,,,,,,,,,,,,,,,,,,,,,,,,,,,,,,,,,,,,
"United Nations AusaLza
/) N\ .",(@) General Assembly e,"\l“g 4/,)// English
R Original: Spanish",Distr.: Limited,"23 November 1999
English",Original: Spanish,Fifty-fourth session,Agenda item 20 (d),"Strengthening of the coordination of humanitarian and disaster relief
assistance of the United Nations, including special economic assistance:
participation of volunteers, “White Helmets”, in activities of the United
Nations in the field of humanitarian relief, rehabilitation and technical
cooperation for development","Andorra, Antigua and Barbuda, Argentina, Armenia, Austria, Azerbaijan,
Belgium, Benin, Bolivia, Brazil, Chile, China, Colombia, Costa Rica, Cyprus,
Czech Republic, Ecuador, El Salvador, Fiji, France, Georgia, Germany,
Guatemala, Guyana, Haiti, Honduras, India, Ireland, Israel, Italy, Japan,
Kuwait, Kyrgyzstan, Lesotho, Luxembourg, Malaysia, Malta, Monaco,
Netherlands, Nicaragua, Norway, Panama, Peru, Poland, Portugal, Republic
of Korea, Republic of Moldova, Romania, Russian Federation, Seychelles,
Slovakia, South Africa, Sweden, Togo, Trinidad and Tobago, Turkey, Ukraine,
United Kingdom of Great Britain and Northern Ireland, United States of
America, Uruguay and Uzbekistan",,,,,,,,,,,,,,,,,,,,,,,,,,,,,,,,,,,,,,,,,,,,,,,,,,,,,
"United Nations Assan iz
V/ \) Distr.: Limited",¢ V General Assembly D e,"\\s 7% English
= Original: French",Distr.: Limited,"1 December 1999
English
Original: French","Fifty-fourth session
Agenda item 23
Multilingualism","Afghanistan, Algeria, Andorra, Argentina, Armenia, Belgium, Benin, Burkina
Faso, Burundi, Cambodia, Cameroon, Canada, Chad, Comoros, Congo, Costa
Rica, Céte d’Ivoire, Cuba, Czech Republic, Democratic Republic of the Congo,
Denmark, Djibouti, Dominica, Ecuador, El Salvador, Equatorial Guinea, France,
Gabon, Georgia, Greece, Guatemala, Guinea, Guinea-Bissau, Haiti, Honduras,
Hungary, Kazakhstan, Lao People’s Democratic Republic, Lebanon,
Luxembourg, Madagascar, Mali, Mauritania, Mauritius, Mexico, Monaco,
Morocco, Nicaragua, Niger, Norway, Panama, Paraguay, Poland, Portugal,
Republic of Moldova, Romania, Russian Federation, Senegal, Seychelles,
Slovakia, Slovenia, Spain, Syrian Arab Republic, the former Yugoslav Republic
of Macedonia, Togo, Ukraine, Uruguay, Venezuela and Viet Nam",,,,,,,,,,,,,,,,,,,,,,,,,,,,,,,,,,,,,,,,,,,,,,,,,,,,,,,,
"United Nations Asansi
V/ \ Distr.: Limited
g@?\} General Assembly Distr Limited
Original: English","Distr.: Limited
1 December 1999",Original: English,Fifty-fourth session,Agenda item 101 (a),"Operational activities for development: operational activities for
development of the United Nations system","Algeria, Angola, Argentina, Australia, Austria, Azerbaijan, Bangladesh,
Barbados, Belgium, Benin, Bhutan, Bolivia, Botswana, Bulgaria, Burkina Faso,
Cambodia, Canada, Cape Verde, Chile, China, Colombia, Costa Rica, Croatia,
Cuba, Cyprus, Czech Republic, Denmark, Ecuador, Egypt, El Salvador, Estonia,
Ethiopia, Fiji, Finland, France, Georgia, Germany, Ghana, Greece, Grenada,
Guatemala, Guyana, Haiti, Hungary, Iceland, Indonesia, Iran (Islamic Republic
of), Ireland, Italy, Jamaica, Kazakhstan, Kenya, Lao People’s Democratic
Republic, Latvia, Lebanon, Lesotho, Liechtenstein, Lithuania, Luxembourg,
Malaysia, Mali, Malta, Mexico, Morocco, Myanmar, Namibia, Netherlands, New
Zealand, Niger, Nigeria, Norway, Oman, Pakistan, Panama, Paraguay, Peru,
Philippines, Poland, Portugal, Republic of Korea, Republic of Moldova,
Romania, Saint Lucia, Samoa, San Marino, Saudi Arabia, Singapore, Slovenia,
Solomon Islands, Spain, Suriname, Swaziland, Sweden, Tajikistan, Thailand, the
former Yugoslav Republic of Macedonia, Trinidad and Tobago, Tunisia,
Ukraine, United Kingdom of Great Britain and Northern Ireland, United States
of America, Venezuela and Viet Nam",,,,,,,,,,,,,,,,,,,,,,,,,,,,,,,,,,,,,,,,,,,,,,,,,,,,,,,,
"United Nations AvsaLzamev.
A, N o
g’@‘g General Assembly Distr: Limited
\l“g 4/,)// English
R Original: English and Spanish",Distr.: Limited,2 December 1999,English,Original: English and Spanish,Fifty-fourth session,Agenda item 20 (d),"Strengthening of the coordination of humanitarian and disaster relief
assistance of the United Nations, including special economic assistance:
participation of volunteers, “White Helmets”, in activities of the United
Nations in the field of humanitarian relief, rehabilitation and technical
cooperation for development","Andorra, Antigua and Barbuda, Argentina, Armenia, Austria, Azerbaijan,
Belgium, Benin, Bolivia, Brazil, Chile, China, Colombia, Costa Rica, Cyprus,
Czech Republic, Ecuador, El Salvador, Fiji, France, Georgia, Germany,
Guatemala, Guyana, Haiti, Honduras, India, Ireland, Israel, Italy, Japan,
Kuwait, Kyrgyzstan, Lesotho, Luxembourg, Malaysia, Malta, Monaco,
Netherlands, Nicaragua, Norway, Panama, Peru, Poland, Portugal, Republic
of Korea, Republic of Moldova, Romania, Russian Federation, Seychelles,
Slovakia, South Africa, Sweden, Togo, Trinidad and Tobago, Turkey, Ukraine,
United Kingdom of Great Britain and Northern Ireland, United States of
America, Uruguay and Uzbekistan",,,,,,,,,,,,,,,,,,,,,,,,,,,,,,,,,,,,,,,,,,,,,,,,,,,,,,
"United Nations AJsarao
4 \ L
(&), General Assembly Dise: Limited
A\ 74
I Original: English","Distr.: Limited
2 December 1999",Original: English,Fifty-fourth session,Agenda item 20 (b),"Strengthening of the coordination of humanitarian and disaster relief
assistance of the United Nations, including special economic assistance:
special economic assistance to individual countries or regions","Afghanistan, Armenia, Azerbaijan, Bangladesh, Belarus, Brazil, Bulgaria,
Canada, China, Colombia, Croatia, Georgia, Greece, India, Iran (Islamic
Republic of), Ireland, Italy, Japan, Kazakhstan, Morocco, Norway, Republic of
Korea, Republic of Moldova, Russian Federation, Tajikistan, Turkey,
Turkmenistan, Ukraine, United States of America and Uzbekistan",,,,,,,,,,,,,,,,,,,,,,,,,,,,,,,,,,,,,,,,,,,,,,,,,,,,,,,,
"United Nations AJsansa
V/ \ Distr.: Limited
g@?\} General Assembly Dist: Limited
Original: English","Distr.: Limited
3 December 1999",Original: English,Fifty-fourth session,Agenda item 20 (a),"Strengthening of the coordination of humanitarian and disaster relief
assistance of the United Nations, including special economic assistance:
strengthening of the coordination of emergency humanitarian
assistance of the United Nations","Argentina, Australia, Austria, Belarus, Belgium, Brazil, Canada, Colombia,
Croatia, Czech Republic, Denmark, Finland, France, Georgia, Germany,
Greece, Guatemala, Guyana, India, Ireland, Italy, Japan, Luxembourg, Malta,
Netherlands, Norway, Portugal, Republic of Korea, Romania, Russian
Federation, South Africa, Spain, Sweden, United Kingdom of Great Britain and
Northern Ireland, United States of America and Venezuela",,,,,,,,,,,,,,,,,,,,,,,,,,,,,,,,,,,,,,,,,,,,,,,,,,,,,,,,
"United Nations Assam2omev
V/ \ Distr.: Limited","{&@ General Assembly Distr; Limited
W Original: English","Distr.: Limited
3 November 1999",Original: English,Fifty-fourth session,Agenda item 20 (c),"Strengthening of the coordination of humanitarian and
disaster relief assistance of the United Nations, including
special economic assistance: strengthening of international
cooperation and coordination of efforts to study, mitigate and
minimize the consequences of the Chernobyl disaster","Argentina, Armenia, Austria, Belarus, Canada, China, Cuba, Czech Republic,
Denmark, Finland, Georgia, Germany, Greece, India, Ireland, Israel, Italy,
Japan, Kazakhstan, Kyrgyzstan, Latvia, Lithuania, Luxembourg, Norway,
Poland, Portugal, Republic of Moldova, Romania, Russian Federation, Slovakia,
Sweden, Tajikistan, the former Yugoslav Republic of Macedonia, Ukraine and
Uzbekistan",,,,,,,,,,,,,,,,,,,,,,,,,,,,,,,,,,,,,,,,,,,,,,,,,,,,,,,
A/54/L.58*,United Nations,"SRR o
\‘\{T@j\‘y General Assembly e o0
E\S:=274",N Original: English,"Distr.: Limited
8 December 1999",Original: English,Fifty-fourth session,Agenda items 20 (f) and 50,"Strengthening of the coordination of humanitarian and disaster relief
assistance of the United Nations, including special economic assistance:
emergency international assistance for peace, normalcy and
reconstruction of war-stricken Afghanistan","The situation in Afghanistan and its implications for international
peace and security","Afghanistan, Albania, Andorra, Armenia, Australia, Austria, Azerbaijan,
Belgium, Bosnia and Herzegovina, Bulgaria, Canada, Chile, Costa Rica, Croatia,
Cyprus, Czech Republic, Denmark, Estonia, Fiji, Finland, France, Georgia,
Germany, Greece, Guatemala, Honduras, Hungary, Iceland, India, Iran (Islamic
Republic of), Ireland, Italy, Japan, Kazakhstan, Kenya, Kyrgyzstan, Latvia,
Liechtenstein, Lithuania, Luxembourg, Malta, Monaco, Netherlands, New
Zealand, Norway, Paraguay, Poland, Portugal, Republic of Korea, Republic of
Moldova, Romania, Russian Federation, San Marino, Slovakia, Slovenia,
Solomon Islands, Spain, Sweden, Tajikistan, the former Yugoslav Republic of
Macedonia, Turkey, Ukraine, United Kingdom of Great Britain and Northern
Ireland, United States of America and Uzbekistan",,,,,,,,,,,,,,,,,,,,,,,,,,,,,,,,,,,,,,,,,,,,,,,,,,,,
A/54/L.64,United Nations,"/) N
(@D General Assembly Distr.: Limited
\i“ 1)// 10 December 1999
=<
Original: English","Distr.: Limited
10 December 1999",Original: English,Fifty-fourth session,Agenda item 30,"Cooperation between the United Nations and the Organization for
Security and Cooperation in Europe","Andorra, Austria, Belgium, Bosnia and Herzegovina, Bulgaria, Canada, Croatia,
Cyprus, Czech Republic, Denmark, Estonia, Finland, France, Georgia,
Germany, Greece, Hungary, Iceland, Ireland, Italy, Kazakhstan, Kyrgyzstan,
Latvia, Liechtenstein, Lithuania, Luxembourg, Malta, Monaco, Netherlands,
Norway, Poland, Portugal, Republic of Moldova, Romania, Russian Federation,
San Marino, Slovakia, Slovenia, Spain, Sweden, Tajikistan, the former Yugoslav
Republic of Macedonia, Turkmenistan, Ukraine, United Kingdom of Great
Britain and Northern Ireland and United States of America",,,,,,,,,,,,,,,,,,,,,,,,,,,,,,,,,,,,,,,,,,,,,,,,,,,,,,
A/54/L.70,United Nations,"/) N
(@D General Assembly Distr.: Limited
\i“ 1)// 13 December 1999
=<
Original: English","Distr.: Limited
13 December 1999",Original: English,Fifty-fourth session,Agenda item 20,"Strengthening of the coordination of humanitarian and disaster relief
assistance of the United Nations, including special economic assistance","Argentina, Australia, Austria, Belgium, Brazil, Bulgaria, Canada, Cape Verde,
Chile, Colombia, Cyprus, Czech Republic, Denmark, Estonia, Finland, France,
Georgia, Germany, Greece, Hungary, Iceland, Ireland, Italy, Japan,
Kyrgyzstan, Lesotho, Liberia, Luxembourg, Malaysia, Malta, Monaco,
Netherlands, New Zealand, Norway, Poland, Portugal, Republic of Korea,
Romania, San Marino, Sierra Leone, Slovakia, Slovenia, South Africa, Spain,
Sweden, Ukraine, United Kingdom of Great Britain and Northern Ireland and
United States of America",,,,,,,,,,,,,,,,,,,,,,,,,,,,,,,,,,,,,,,,,,,,,,,,,,,,,,
AUsaL 7/Rev.2,United Nations,"/) N
(@D General Assembly Distr.: Limited
\i“ 1)// 14 December 1999
=<
Original: English","Distr.: Limited
14 December 1999",Original: English,Fifty-fourth session,Agenda item 162,"Observer status for the International Union for the Conservation
of Nature and Natural Resources in the General Assembly","Argentina, Australia, Austria, Bangladesh, Belgium, Burkina Faso, Canada,
Chile, Colombia, the Congo, Costa Rica, Cyprus, Denmark, Ecuador, El
Salvador, Finland, France, Georgia, Germany, Greece, Guatemala, Guinea-
Bissau, Ireland, Italy, Jamaica, Kenya, Malta, Monaco, Mongolia, Nepal,
Netherlands, New Zealand, Nicaragua, Niger, Panama, Peru, Portugal, Republic
of Moldova, Senegal, Seychelles, Slovenia, Spain, Sweden, the former Yugoslav
Republic of Macedonia, Togo, Uganda and Viet Nam",,,,,,,,,,,,,,,,,,,,,,,,,,,,,,,,,,,,,,,,,,,,,,,,,,,,,,
