year,Council,Committee,Session,Agenda item,Agenda detail,cosponsored countries,body title number,body title detail,body text,date,file,filecountry,footnote,scanned
1993,General Assembly,N/A,Forty-eighth session,150,OBSERVER STATUS FOR THE ECONOMIC COOPERATION ORGANIZATION IN THE GENERAL ASSEMBLY,"Afghanistan, Azerbaijan, Iran (Islamic Republic of), Kazakhstan, Kyrgyzstan, Pakistan, Tajikistan, Turkey, Turkmenistan and Uzbekistan",N/A,N/A,"The General Assembly, Noting the desire of the Economic Cooperation Organization for cooperation between the United Nations and the Economic Cooperation Organization, 1. Decides to invite the Economic Cooperation Organization to participate in the sessions and the work of the General Assembly in the capacity of observer; 2. Requests the Secretary-General to take the necessary action to implement the present resolution. 280993",09/28/1993,1993_173707,Kyrgyzstan,N/A,no
1993,General Assembly,N/A,Forty-eighth session,158,OBSERVER STATUS FOR THE CONFERENCE ON SECURITY AND COOPERATION IN EUROPE IN THE GENERAL ASSEMBLY,"Albania, Armenia, Austria, Azerbaijan, Belarus, Belgium, Bosnia and Herzegovina, Bulgaria, Canada, Croatia, Cyprus, Czech Republic, Denmark, Estonia, Finland, France, Georgia, Germany, Greece, Hungary, Iceland, Ireland, Italy, Kazakhstan, Kyrgyzstan, Latvia, Liechtenstein, Lithuania, Luxembourg, Malta, Netherlands, Norway, Poland, Portugal, Republic of Moldova, Romania, Russian Federation, Slovakia, Slovenia, Spain, Sweden, Turkey, Ukraine, United Kingdom of Great Britain and Northern Ireland, United States of America and Uzbekistan",N/A,N/A,"The General Assembly, Noting the desire of the Conference on Security and Cooperation in Europe to intensify its cooperation with the United Nations, 1. Decides to invite the Conference on Security and Cooperation in Europe to participate in the sessions and the work of the General Assembly in the capacity of observer; 2. Requests the Secretary-General to take the necessary action to implement the present resolution. 081093",10/08/1993,1993_174275,Kyrgyzstan,N/A,no
1993,General Assembly,N/A,Forty-eighth session,167,BUILDING A PEACEFUL AND BETTER WORLD THROUGH SPORT,"Algeria, Andorra, Antigua _ and Barbuda, Australia, Austria, Bahamas, Barbados, Belgium, Benin, Bolivia, Bosnia and Herzegovina, Botswana, Burkina Faso, Burundi, Cameroon, Cape Verde, Chad, Colombia, Comoros, Congo, Céte d’Ivoire, Croatia, Cuba, Cyprus, Djibouti, Dominica, Dominican Republic, Egypt, Ethiopia, Fiji, France, Gabon, Gambia, Greece, Grenada, Guinea, Guinea-Bissau, Guyana, Honduras, Indonesia, Kenya, Kyrgyzstan, Lesotho, Libyan Arab Jamahiriya, Liechtenstein, Luxembourg, Madagascar, Mali, Malta, Mauritania, Mauritius, Micronesia (Federated States of), Monaco, Mongolia, Morocco, Mozambique, Namibia, Niger, Nigeria, Norway, Pakistan, Paraguay, Peru, Poland, Romania, Russian Federation, Rwanda, Saint Kitts and Nevis, Saint Vincent and the Grenadines, Samoa, San Marino, Sao Tome and Principe, Senegal, Sierra Leone, Slovakia, Slovenia, Spain, Sudan, Suriname, Swaziland, Togo, Tunisia, Turkey, Uganda, United Republic of Tanzania, United States of America, Uruguay, Vanuatu, Yemen, Zaire, Zambia and Zimbabwe:",N/A,International Year of Sport and the Olympic Ideal,"The General Assembly, Recalling that the International Olympic Committee, founded on the initiative of a Frenchman, Pierre de Coubertin, will be celebrating the centenary of its founding in 1994, Taking into account its decision 35/424 of 5 December 1980 regarding guidelines for international years and anniversaries, Noting that the organization of the celebration for the International Year of Sport and the Olympic Ideal at the national and international level will be coordinated by the International Olympic Committee, with the collaboration of the International Sports Federations and the National Olympic Committees, 221093 Recognizing that the goal of the Olympic Movement is to build a better and peaceful world by educating the youth of the world through sport and culture, Recognizing also that the Olympic ideal is to promote international understanding among the youth of the world through sport and culture and is therefore relevant to the International Year of the Family, which will be commemorated in 1994, in accordance with General Assembly resolution 44/82 of 8 December 1989, Noting that the preparation for the International Year of Sport and the Olympic Ideal will not involve any financial implications for the United Nations or its Member States, nor will it require the setting up of any administrative structure, Proclaims 1994 as International Year of Sport and the Olympic Ideal; 2. Commends the Olympic Movement for its ideal to promote international understanding among the youth of the world through sport and culture; 3. Endorses the appeal launched by the International Olympic Committee to build a peaceful and better world through sport, contained in resolution CM/Res.1472 (LVIII), adopted by the Council of Ministers of the Organization of African Unity at its fifty-eighth ordinary session, held at Cairo from 21 to 26 June 1993; 4. Invites all States, organizations of the United Nations system and interested non-governmental organizations to participate in the observance of the Year and to cooperate with the Secretary-General in achieving the objectives of the Year; 5. Requests the Secretary-General to cooperate with the International Olympic Committee in its endeavours to promote the observance of the Year.",10/22/1993,1993_174981,Kyrgyzstan,N/A,no
1993,General Assembly,N/A,Forty-eighth session,22,UNIVERSITY FOR PEACE,"Afghanistan, Antigua and Barbuda, Argentina, Barbados, Belarus, Bolivia, Cambodia, Cape Verde, Chile, Colombia, Congo, Costa Rica, Cyprus, Dominican Republic, Ecuador, El Salvador, Guatemala, Honduras, Italy, Kyrgyzstan, Mongolia, Morocco, Myanmar, Nicaragua, Pakistan, Panama, Paraguay, Peru, Saint Lucia, Singapore, Suriname, Spain, Togo, Ukraine, Uruguay and Venezuela",N/A,N/A,"The General Assembly, Recalling that in its resolution 34/111 of 14 December 1979 it approved the idea of establishing a University for Peace as a specialized international institute for post-graduate studies, research and the dissemination of knowledge specifically aimed at training for peace within the system of the United Nations University, Recalling also that by its resolution 35/55 of 5 December 1980 the General Assembly approved the establishment of the University for Peace in conformity with the International Agreement for the Establishment of the University for Peace, 1/ Recalling further its resolutions 45/8 of 24 October 1990 and 46/11 of 24 October 1991 on the tenth anniversary of the University as well as the report of the Secretary-General on the tenth anniversary of the University for Peace, 2/ Recognizing that the University for Peace has suffered from financial limitations which have impeded the development of the activities and programmes necessary for carrying out its important mandate, 1/ See resolution 35/55, annex. A/46/580. Recognizing the various activities carried out by the University for Peace during the period 1991-1993 largely thanks to the financial contributions made by Costa Rica, Italy and Spain and by the Commission of the European Community as well as other contributions by foundations and non-governmental organizations, Noting that in 1991 the Secretary-General, with the assistance of the United Nations Development Programme, established a Trust Fund for Peace consisting of voluntary contributions in order to provide the University with the means necessary to extend its sphere of activity to the rest of the world and to take full advantage of its potential capacity for education, research and support of the United Nations, and to carry out its mandate of working to promote peace in the world, with emphasis on specific research and training activities in the context of the Secretary-General’s ""Agenda for Peace"" 3/ in the areas of the prevention of conflict, the maintenance and consolidation of peace and the peaceful settlement of disputes, Recalling that Slovenia acceded to the International Agreement for the Establishment of the University for Peace on 6 June 1992, Recalling also that the General Assembly, in its resolution 46/11, decided to include in the agenda of its forty-eighth session and biennially thereafter an item entitled ""University for Peace"", 1. Reiterates establishment of the which is intended to for the promotion of its appreciation to the Secretary-General for the Trust Fund for Peace consisting assist the University for Peace peace and to ensure that it has essential resources to pursue its future activities; of voluntary contributions to develop its activities the increasing and 2. Invites Member States, non-governmental organizations and intergovernmental bodies as well as interested individuals and organizations to contribute directly to the Trust Fund for Peace and to the budget of the University for Peace; 3. Also invites Member States to accede to the International Agreement for the Establishment of the University for Peace, thus demonstrating their support of a global institution for peace studies whose mandate is the promotion of world peace; 4. Decides to include in the agenda of its fiftieth session the item entitled ""University for Peace"". 3/ A/47/277-S/24111.",10/21/1993,1993_175194,Kyrgyzstan,211093 211093,no
1993,General Assembly,N/A,Forty-eighth session,153,OBSERVER STATUS FOR THE PERMANENT COURT OF ARBITRATION IN THE GENERAL ASSEMBLY,"Argentina, Australia, Austria, Belarus, Belgium, Bulgaria, Cambodia, Canada, China, Czech Republic, Denmark, Dominican Republic, Egypt, Finland, France, Germany, Greece, Hungary, Iceland, Iran (Islamic Republic of), Irag, Israel, Italy, Jordan, Luxembourg, Malta, Mauritius, Netherlands, New Zealand, Nigeria, Norway, Panama, Paraguay, Poland, Portugal, Romania, Russian Federation, Spain, Sri Lanka, Sudan, Swaziland, Sweden, Thailand, Turkey, Uganda, United Kingdom of Great Britain and Northern Ireland and United States of America",N/A,Addendum,"Add the following countries to the list of sponsors of the resolution: Albania, Burkina Faso, Cameroon, Colombia, Cuba, Cyprus, Kyrgyzstan, Peru, Senegal, Suriname and Ukraine",10/13/1993,1993_175315,Kyrgyzstan,N/A,no
1993,General Assembly,Second Committee,Forty-eighth session,91 (34),DEVELOPMENT AND INTERNATIONAL ECONOMIC COOPERATION: INTEGRATION OF THE ECONOMIES IN TRANSITION INTO THE WORLD ECONOMY,"Armenia, Belarus, Bulgaria, Croatia, Czech Republic, Estonia, Georgia, Kazakhstan, Kyrgyzstan, Latvia, Lithuania, Poland, Republic of Moldova, Romania, Russian Federation, Tajikistan, The Former Yugoslav Republic of Macedonia, Turkmenistan and Ukraine",N/A,Integration of the countries with economies in transition from,"centrally planned to market economies into the world economy The General Assembly, Reaffirming its resolution 47/187 of 22 December 1992, and noting the relevant decisions of the Governing Council of the United Nations Development Programme as well as resolution B(48) of 26 April 1993, adopted by the Economic Commission for Europe, and resolution 49/1 of 29 April 1993, adopted by the Economic and Social Commission of Asia and the Pacific, Taking note of the report by the Secretary-General on the role of the United Nations system in addressing problems facing countries with economies in transition, including the difficulties that those countries are encountering as they integrate their economies into the world economy, 1/ 1. Reaffirms that the full integration of the countries with economies in transition into the world economy, in particular through improved market access for export goods and services from the countries with economies in transition, will support their systemic transformation and will, simultaneously, have a positive impact on world trade and global economic growth and development; A/48/317. 2. Requests the Secretary-General to strengthen, inter alia, through better coordination by an appropriate unit within the United Nations Secretariat, the ability of the United Nations system to conduct analytical activities and provide policy advice and technical assistance to the countries with economies in transition, and to submit a relevant report to the General Assembly at its forty-ninth session, and biennially thereafter.",10/22/1993,1993_175356,Kyrgyzstan,N/A,no
1993,General Assembly,N/A,Forty-eighth session,167,BUILDING A PEACEFUL AND BETTER WORLD THROUGH SPORT,"Algeria, Andorra, Antigua _ and Barbuda, Australia, Austria, Bahamas, Barbados, Belgium, Benin, Bolivia, Bosnia and Herzegovina, Botswana, Burkina Faso, Burundi, Cameroon, Cape Verde, Chad, Colombia, Comoros, Congo, Céte d’Ivoire, Croatia, Cuba, Cyprus, Djibouti, Dominica, Dominican Republic, Egypt, Ethiopia, Fiji, France, Gabon, Gambia, Greece, Grenada, Guinea, Guinea-Bissau, Guyana, Honduras, Indonesia, Kenya, Kyrgyzstan, Lesotho, Libyan Arab Jamahiriya, Liechtenstein, Luxembourg, Madagascar, Mali, Malta, Mauritania, Mauritius, Micronesia (Federated States of), Monaco, Mongolia, Morocco, Mozambique, Namibia, Niger, Nigeria, Norway, Pakistan, Paraguay, Peru, Poland, Romania, Russian Federation, Rwanda, Saint Kitts and Nevis, Saint Vincent and the Grenadines, Samoa, San Marino, Sao Tome and Principe, Senegal, Sierra Leone, Slovakia, Slovenia, Spain, Sudan, Suriname, Swaziland, Togo, Tunisia, Turkey, Uganda, United Republic of Tanzania, United States of America, Uruguay, Vanuatu, Yemen, Zaire, Zambia and Zimbabwe:",N/A,Observance of the Olympic Truce,"The General Assembly, Considering the appeal launched by the International Olympic Committee for an Olympic Truce, which was endorsed by the National Olympic Committees of one hundred eighty-four countries and presented to the Secretary-General, Recognizing that the goal of the Olympic Movement is to build a better and peaceful world by educating the youth of the world through sport, practised without discrimination of any kind and in the Olympic spirit, which requires mutual understanding, promoted by friendship, solidarity and fair play, 221093 Recognizing also the efforts of the International Olympic Committee to restore the ancient Greek tradition of the Ekecheria, or ""Olympic Truce"", in the interest of contributing to international understanding and the maintenance of peace, Recalling resolution CM/Res.1472(LVIII), which supports the appeal for an Olympic Truce, adopted by the Council of Ministers of the Organization of African Unity at its fifty-eighth ordinary session, held at Cairo from 21 to 26 June 1993, and endorsed by the Assembly of Heads of State and Government of that organization, Recognizing the valuable contribution that the appeal launched by the International Olympic Committee for an Olympic Truce could make towards advancing the purposes and principles of the Charter of the United Nations, 1. Commends the International Olympic Committee, the International Sports Federations and the National Olympic Committees for their efforts to mobilize the youth of the world in the cause of peace; 2. Urges Member States to observe the Olympic Truce from the seventh day before the opening and the seventh day following the closing of each of the Olympic Games, in accordance with the appeal launched by the International Olympic Committee; 3. Takes note of the idea of the ""Olympic Truce"", as dedicated in ancient Greece to the spirit of fraternity and understanding between peoples, and urges Member States to take the initiative to abide by the Truce, individually and collectively, and to pursue in conformity with the purposes and principles of the Charter of the United Nations the peaceful settlement of all international conflicts; 4. Calls upon all Member States to cooperate with the International Olympic Committee in its efforts to promote the Olympic Truce; 5. Requests the Secretary-General to promote the observance of the Olympic Truce among Member States, drawing the attention of world public opinion to the contribution such a truce would make to the promotion of international understanding and the maintenance of peace and goodwill, and to cooperate with the International Olympic Committee in the realization of this objective.",10/22/1993,1993_175554,Kyrgyzstan,N/A,no
1993,General Assembly,First Committee,Forty-eighth session,72 (f),REVIEW OF THE IMPLEMENTATION OF THE CONCLUDING DOCUMENT OF THE TWELFTH SPECIAL SESSION OF THE GENERAL ASSEMBLY,"Algeria*, Bangladesh, China, Democratic People’s Republic of Korea, Dominican Republic**, Indonesia, Iran (Islamic Republic of), Kyrgyzstan, Lao People’s Democratic Republic, Mongolia, Myanmar, Nepal, Pakistan, Philippines, Singapore, Sri Lanka, Thailand and Viet Nam",N/A,"United Nations Regional Centre for Peace and Disarmament in Africa United Nations Regional Centre for Peace and Disarmament in Asia and the Pacific and United Nations Regional Centre for Peace, Disarmament and Development in Latin America and the Caribbean","The General Assembly, Recalling its resolutions 40/151 G of 16 December 1985, 41/60 D of 3 December 1986, 42/39 J of 30 November 1987 and 43/76 D of 7 December 1988 on the United Nations Regional Centre for Peace and Disarmament in Africa, 41/60 J of 3 December 1986, 42/39 K of 30 November 1987 and 43/76 H of 7 December 1988 on the United Nations Regional Centre for Peace, Disarmament and Development in Latin America and the Caribbean, 42/39 D of 30 November 1987 and 43/76 G of 7 December 1988 on the United Nations Regional Centre for Peace and Disarmament in Asia, 44/117 F of 15 December 1989, 45/59 E of 4 December 1990 and 46/37 F of 9 December 1991 and its decision 47/421 of 9 December 1992 on the United Nations Regional Centre for Peace and Disarmament in Africa, United Nations Regional Centre for Peace and Disarmament in Asia and the Pacific and United Nations Regional Centre for Peace, Disarmament and Development in Latin America and the Caribbean. On behalf of the Group of African States. On behalf of the Group of Latin American and Caribbean States. Reaffirming its resolution 46/36 F of 6 December 1991 and 47/52 G of 9 December 1992 on regional disarmament, including confidence-building measures, Mindful of the provisions of Article 11 (1) of the Charter of the United Nations stipulating that a function of the General Assembly is to consider the general principles of cooperation in the maintenance of international peace and security, including the principles governing disarmament and arms limitation, Bearing in mind that the changed international environment has created new opportunities for the pursuit of disarmament, as well as new challenges, Taking note of the report of the Secretary-General containing the steps taken to strengthen the Centre for Disarmament Affairs, 1/ Convinced that the initiatives and activities mutually agreed upon by Member States of the respective regions aimed at fostering confidence, as well as the implementation and coordination of regional activities under the United Nations Disarmament Information Programme, would encourage and facilitate the development of effective measures of confidence-building, arms limitations and disarmament in these regions, Welcoming the programme of activities carried out by the regional centres, which have contributed substantially to understanding and cooperation among the States in each particular region and have thereby strengthened the role assigned to each regional centre in the areas of peace, disarmament and development, Taking note also of the views on the regional centres contained in the report of the Secretary-General on the Advisory Board on Disarmament Matters, 2/ Recognizing the need to provide the regional centres with financial viability and stability so as to facilitate the effective planning and implementation of their respective programmes of activities, Expressing its gratitude to the Member States and international governmental and non-governmental organizations and foundations that have contributed to the trust funds of the three regional centres, 1. Commends the activities being carried out by the regional centres in identifying and broadening the understanding of pressing disarmament and security issues, and exploring optimum solutions under given specific conditions prevailing in each region, in accordance with their mandates; 2. Encourages the regional centres to continue intensifying their efforts in promoting cooperation among the States in their respective regions to facilitate the development of effective measures of confidence-building, arms limitation and disarmament, with a view to strengthening peace and security; A/48/358. A/48/325. 3. Encourages also further use of the potential of the regional centres to maintain the increased interest in and momentum for revitalization of the Organization to meet the challenges of a new phase of international relations in order to fulfil the purposes and principles of the Charter of the United Nations related to peace, disarmament and development, taking into account the guidelines and recommendations for regional approaches to disarmament within the context of global security as adopted by the Disarmament Commission at its 1993 substantive session; 4. Appeals once again to Member States, as well as to international governmental and non-governmental organizations and foundations, to make voluntary contributions in order to strengthen the programmes and activities of the regional centres and their implementations; 5. Requests the Secretary-General to continue to provide all necessary support to the regional centres in carrying out their programmes of activities; 6. Requests the Secretary-General to report to the General Assembly at its forty-ninth session on the implementation of the present resolution. 7. Decides to include this item in the provisional agenda of its forty- ninth session.",11/04/1993,1993_176782,Kyrgyzstan,N/A,no
1993,General Assembly,Third Committee,Forty-eighth session,113,"REPORT OF THE UNITED NATIONS HIGH COMMISSIONER FOR REFUGEES, QUESTIONS RELATING TO REFUGEES, RETURNEES AND DISPLACED PERSONS AND HUMANITARIAN QUESTIONS","Azerbaijan, Bosnia and Herzegovina, Egypt, Ethiopia, Iran (Islamic Republic of), Kyrgyzstan, Morocco, Pakistan, Tajikistan and Turkey",N/A,Emergency international assistance to refugees and displaced persons in Azerbaijan,"The General Assembly, Recalling Security Council resolutions 822 (1993) of 30 April 1993, 853 (1993) of 29 july 1993 and 874 (1993) of 14 October 1993, expressing the deep concern of the Security Council at the displacement of large numbers of civilians in the Azerbaijani Republic and at the serious humanitarian situation, Having considered the report of the United Nations High Commissioner for Refugees, 1/ Recognizing the catalytic role the High Commissioner plays, together with the international community and development agencies, in the promotion of humanitarian aid and development with a view to finding durable and lasting solutions for refugees and displaced persons, Expressing its grave concern at the continuous deterioration of the humanitarian situation in Azerbaijan as a result of the displacement of large numbers of civilians, 1/ Official Records of the General Assembly, Forty-eighth Session, Supplement No. 12 (A/48/12 and Add.1) Welcoming the establishment by the Secretary-General of the United Nations interim office and the Office of the United Nations High Commissioner for Refugees in Azerbaijan and their efforts to coordinate needs assessment and to mobilize resources, Welcoming the consolidated United Nations inter-agency humanitarian programme for Azerbaijan for the period 1 July 1993 - 31 March 1994, Expressing its appreciation to the States and intergovernmental and non-governmental organizations that have responded positively and to continue to respond to the humanitarian needs of Azerbaijan, and to the Secretary-—General and United Nations bodies for mobilizing and coordinating the delivery of appropriate humanitarian assistance, Also expressing its appreciation to the Governments of the neighbouring States which provide the necessary humanitarian assistance, including the provision of accommodation and transit routes through their territories for the displaced persons from Azerbaijan, Noting with alarm that the humanitarian situation in Azerbaijan has continued to deteriorate seriously since the adoption of the Programme in June 1993, Deeply concerned that the number of refugees and displaced persons in Azerbaijan has recently exceeded one million, and is increasing further, Aware that the refugees and displaced persons are in a precarious situation, facing the threat of malnutrition and disease, and that appropriate external assistance is needed for the provision of foodstuffs, medical aid and the necessary shelter for the winter, Deeply concerned about the enormous burden the massive presence of refugees and displaced persons from the occupied areas has placed on the country’s infrastructure, Affirming the urgent need to continue international action to assist Azerbaijan in providing shelter, medication and food to the refugees and displaced persons, especially to the most vulnerable groups, 1. Welcomes with appreciation the efforts undertaken by the Secretary- General in drawing the attention of the international community to the acute problems of the Azerbaijani refugees and displaced persons and in mobilizing assistance to them; 2. Urgently appeals to all States, organizations and programmes of the United Nations, specialized agencies and other intergovernmental and non-governmental organizations to provide, on a priority basis, adequate and sufficient financial, medical and material assistance to the Azerbaijani refugees and displaced persons; 3. Invites the international financial institutions and specialized agencies, organizations and programmes of the United Nations system, where appropriate, to bring the special needs of the Azerbaijani refugees and displaced persons to the attention of their respective governing bodies for their consideration and to report the decisions of those bodies to the Secretary-—General; 4. Invites the Secretary-General to continue to monitor the overall situation of refugees and displaced persons in Azerbaijan, to make available his good offices as required and to report to the General Assembly at its forty- ninth session; 5. Requests the United Nations High Commissioner for Refugees to continue her efforts with the appropriate United Nations agencies and intergovernmental, governmental and non-governmental organizations in order to consolidate and increase essential services to refugees and displaced persons in Azerbaijan; 6. Requests the Secretary-General to report to the General Assembly at its forty-ninth session on the progress made in the implementation of the present resolution.",11/09/1993,1993_176810,Kyrgyzstan,N/A,no
1993,General Assembly,First Committee,Forty-eighth session,80,MAINTENANCE OF INTERNATIONAL SECURITY,"Australia, Austria, Belarus, Belgium, Bulgaria, Canada, Czech Republic, Denmark, Finland, France, Georgia, Germany, Greece, Hungary, Ireland, Italy, Kazakhstan, Kyrgyzstan, Luxembourg, Netherlands, Norway, Poland, Portugal, Romania, Russian Federation, Slovakia, Spain, Sweden, Tajikistan, the former Yugoslav Republic of Macedonia, United Kingdom of Great Britain and Northern Ireland and United States of America",N/A,Maintenance of international security,"The General Assembly, Recalling its resolution 47/60 B of 9 December 1992 on maintenance of international security, Recalling also its resolution 47/54 G of 8 April 1993 in which it, inter alia, decided that the First Committee of the General Assembly, in pursuing its efforts to respond to the new realities of international security, should continue to deal with questions of disarmament and related international security issues, Welcoming the relaxation of global tensions and the emergence of a new spirit in relations among nations as a result of the end of the cold war and of bipolar confrontation, Expressing its serious concern over new threats to international peace and security, the persistence of tensions in some regions and the emergence of new conflicts, Noting with appreciation the ideas and proposals of the Secretary-—General aimed at the enhancement of the potential role of the United Nations in the area of preventive diplomacy, peacemaking, peace-keeping and post-conflict peace- building, as well as in multilateral disarmament, contained in his reports entitled ""An Agenda for Peace"" 1/ and ""New dimensions of arms regulation and disarmament in the post-cold war era"", 2/ Reaffirming the importance of multilateral mechanisms in the areas of disarmament and international peace and security, Bearing in mind the crucial contribution that progress in the field of disarmament, arms control, non-proliferation, transparency in arms transfers and confidence-building measures can make to the maintenance of international peace and security, Emphasizing that international peace and security must be seen in an integrated manner and that the efforts of the international community to build stability and security must encompass not only military matters, peace, justice, social, humanitarian, environmental and but also relevant political, economic, developmental aspects, Noting with satisfaction the progress achieved at the Conference on Disarmament towards negotiations on a comprehensive nuclear-test-—ban treaty, Stressing the importance of global and regional approaches to disarmament, which should be pursued to promote regional and international peace and security, Reaffirming further the need to strengthen the mechanism for collective security provided for in the Charter of the United Nations, Affirming its conviction that all Member States should endorse and support the role given by the Charter to the Security Council in the maintenance of international peace and security, 1. Reaffirms that, with the end of the cold war and of bipolar confrontation, the United Nations faces new tasks in the area of maintaining international peace and security; 2. Recognizes the need for effective, dynamic and flexible measures, in accordance with the Charter, to prevent and remove threats to peace and to suppress acts of aggression or other breaches of the peace, and in particular for measures to build, maintain or restore international peace and security; 3. Emphasizes its commitment to preventive diplomacy and the need to develop appropriate political mechanisms for the early solution of disputes and for the timely and peaceful resolution of any situation which might impair friendly relations among States, so as to preserve peace and strengthen international security; 1/ A/47/277-S/24111; see Official Records of the Security Council, Forty- seventh Year, Supplement for April, May and June 1992, document S/24111. A/C.1/47/7. 4. Stresses the need for the full implementation of Security Council resolutions; 5. Recognizes that it has an important role to play in helping to address situations which might lead to international friction or dispute, in close cooperation and coordination with the Security Council and the Secretary-—General in accordance with the Charter of the United Nations; 6. Stresses the great importance of the role of regional arrangements and organizations and recognizes the need to coordinate their efforts with those of the United Nations in the maintenance of international peace and security; 7. Urges all States to strive for sustainable progress in the field of disarmament, arms control, non-proliferation, transparency in arms transfers and confidence-building measures, which can provide a crucial contribution to the maintenance of international peace and security; 8. Recognizes the importance of humanitarian concerns in conflict situations and welcomes the increasing role of the United Nations system in providing humanitarian assistance; 9. Decides to continue consideration of the question of maintenance of international security and invites Member States to provide their views on further consideration of this question; 10. Decides to include in the provisional agenda of its forty-ninth session the item entitled ""Maintenance of international security"".",11/04/1993,1993_176827,Kyrgyzstan,N/A,no
1993,General Assembly,First Committee,Forty-eighth session,66,COMPREHENSIVE NUCLEAR TEST BAN TREATY,"Afghanistan, Albania, Algeria, Argentina, Armenia, Australia, Austria, Bahamas, Bangladesh, Barbados, Belarus, Belgium, Benin, Bolivia, Brazil, Brunei Darussalam, Bulgaria, Cameroon, Canada, Cape Verde, Chile, Congo, Croatia, Cuba, Cyprus, Czech Republic, Denmark, Ecuador, Ethiopia, Fiji, Finland, Gabon, Germany, Greece, Guatemala, Haiti, Hungary, Iceland, India, Indonesia, Iran (Islamic Republic of), Ireland, Italy, Jamaica, Japan, Jordan, Kazakhstan, Kyrgyzstan, Lao People’s Democratic Republic, Latvia, Lebanon, Lesotho, Luxembourg, Madagascar, Malawi, Malaysia, Malta, Marshall Islands, Mauritius, Mexico, Mongolia, Myanmar, Namibia, Nepal, Netherlands, New Zealand, Nicaragua, Nigeria, Norway, Pakistan, Panama, Papua New Guinea, Paraguay, Peru, Philippines, Poland, Portugal, Republic of Korea, Romania, Saint Kitts and Nevis, Saint Vincent and the Grenadines, Samoa, Senegal, Sierra Leone, Singapore, Slovakia, Slovenia, Solomon Islands, Spain, Sri Lanka, Suriname, Swaziland, Sweden, Thailand, The Former Yugoslav Republic of Macedonia, Turkey, Uganda, Ukraine, United Republic of Tanzania, Uruguay, Vanuatu, Viet Nam, Zambia and Zimbabwe",N/A,Comprehensive Test Ban Treaty,"The General Assembly, Recalling that a comprehensive nuclear test ban is one of the priority objectives of the international community in the field of disarmament and non-proliferation, Reissued for technical reasons. Convinced that the most effective way to achieve an end to nuclear testing is through the conclusion of a multilaterally and effectively verifiable comprehensive test ban treaty which will attract the adherence of all States and which will contribute to the prevention of the proliferation of nuclear weapons in all its aspects, to the process of nuclear disarmament and therefore to the enhancement of international peace and security, Convinced further that the exercise of utmost restraint in respect of nuclear testing would be consistent with the objective of an international negotiation of a comprehensive test ban, Noting the aspirations expressed by the Parties to the 1963 Treaty Banning Nuclear Weapon Tests in the Atmosphere, in Outer Space and under Water 1/ to seek to achieve the discontinuance of all test explosions of nuclear weapons for all time, which are recalled in the preamble of the 1968 Treaty on the Non-Proliferation of Nuclear Weapons, 2/ Welcoming the willingness of all nuclear-weapon States as well as the rest of the international community to pursue the multilateral negotiation of a comprehensive test ban treaty, Noting with satisfaction the initiation in 1993 by the Conference on Disarmament 3/ of work under item 1 of its agenda and the programme of substantive work subsequently undertaken within its Ad Hoc Committee ona nuclear test ban, Noting also the ongoing activity of the Ad Hoc Group of Scientific Experts to Consider International Cooperative Measures to Detect and Identify Seismic Events, 1. Welcomes the decision 4/ taken by the Conference on Disarmament on 10 August 1993 to give its Ad Hoc Committee on a Nuclear Test Ban a mandate to negotiate a universal and internationally and effectively verifiable comprehensive test ban treaty, and fully endorses the contents of that decision; 2. Calls on participants in the Conference on Disarmament to approach the inter-sessional consultations mandated by that decision in a positive and constructive light; 3. Urges the Conference on Disarmament at the commencement of its 1994 session to re-establish, with an appropriate negotiating mandate, the Ad Hoc Committee on item 1 of its agenda, entitled ""Nuclear Test Ban""; 1/ United Nations, Treaty Series, vol. 480, No. 6964. Ibid., vol. 729, No. 10485. 3/ The Committee on Disarmament was redesignated the Conference on Disarmament as from 7 February 1984. A/ Official Records of the General Assembly, Forty-eighth Session, Supplement No. 27 (A/48/27), chap. III, sect. A. 4. Calls _on all States to support the multilateral negotiations in the Conference on Disarmament for a Comprehensive Test Ban Treaty; 5. Urges further the Conference on Disarmament to proceed intensively, as a priority task, in its negotiation of such a universal and internationally and effectively verifiable treaty; 6. Requests the Secretary-General to ensure the provision to the Conference on Disarmament of additional administrative, substantive and conference support services for these negotiations; 7. Decides to include in the provisional agenda of its forty-ninth session the item entitled ""Comprehensive Test Ban Treaty"".",11/10/1993,1993_176857,Kyrgyzstan,N/A,no
1993,General Assembly,N/A,Forty-eighth session,26,COOPERATION BETWEEN THE UNITED NATIONS AND THE CONFERENCE ON SECURITY AND COOPERATION IN EUROPE,"Armenia, Austria, Azerbaijan, Canada, Denmark, Finland, France, Germany, Italy, Netherlands, Norway, Romania, Sweden and United Kingdom of Great Britain and Northern Ireland",N/A,Addendum,"Add the following countries to the list of sponsors of the resolution: Albania, Belarus, Belgium, Bulgaria, Croatia, Cyprus, Czech Republic, Georgia, Greece, Hungary, Iceland, Ireland, Kazakhstan, Kyrgyzstan, Liechtenstein, Luxembourg, Malta, Poland, Portugal, Republic of Moldova, Russian Federation, San Marino, Slovenia, Spain, Tajikistan, the Former Yugoslav Republic of Macedonia, Turkey, Ukraine and United States of America",11/16/1993,1993_176900,Kyrgyzstan,N/A,no
1993,General Assembly,Sixth Committee,Forty-eighth session,144,REPORT OF THE UNITED NATIONS COMMISSION ON INTERNATIONAL TRADE LAW ON THE WORK OF ITS TWENTY-SIXTH SESSION,"Argentina, Australia, Austria, Belarus, Canada, Cyprus, Denmark, France, Italy, Kyrgyzstan, Poland, Russian Federation, Thailand, Ukraine and United States of America",N/A,UNCITRAL Model Law on Procurement of Goods and Construction,"The General Assembly, Recalling its resolution 2205 (XXI) of 17 December 1966, by which it created the United Nations Commission on International Trade Law with a mandate to further the progressive harmonization and unification of the law of international trade and in that respect to bear in mind the interests of all peoples, in particular those of developing countries, in the extensive development of international trade, Noting that procurement constitutes a large portion of public expenditure of most States, Noting also that a model law on procurement establishing procedures designed to foster integrity, confidence, fairness and transparency in the procurement process will also promote economy, efficiency and competition in procurement and thus lead to increased economic development, Being of the opinion that the establishment of a model law on procurement that is acceptable to States with different legal, social and economic systems contributes to the development of harmonious international economic relations, Being convinced that the UNCITRAL Model Law on Procurement of Goods and Construction 1/ will significantly assist all States, including developing countries and States whose economies are in transition, in enhancing their existing procurement laws and formulating procurement laws where none presently exist, 1. Takes note with satisfaction of the completion and adoption by the Commission of the Model Law on Procurement of Goods and Construction together with the Guide to Enactment of the Model Law; 2/ 2. Recommends that, in view of the desirability of improvement and uniformity of the laws of procurement, States give favourable consideration to the Model Law when they enact or revise their procurement laws; 3. Recommends also that all efforts be made to ensure that the Model Law together with the Guide to Enactment become generally known and available. 1/ Official Records of the General Assembly, Forty-eighth Session, Supplement No. 17 (A/48/17, chap. II). Ibid., paras. 218-258.",11/15/1993,1993_176904,Kyrgyzstan,N/A,no
1993,General Assembly,Sixth Committee,Forty-eighth session,144,REPORT OF THE UNITED NATIONS COMMISSION ON INTERNATIONAL TRADE LAW ON THE WORK OF ITS TWENTY-SIXTH SESSION,"Argentina, Australia, Austria, Azerbaijan, Belarus, Brazil, Bulgaria, Canada, Cyprus, Czech Republic, Denmark, Finland, France, Greece, Italy, Kyrgyzstan, Morocco, Myanmar, Norway, Poland, Russian Federation, Singapore, Sweden, Thailand, Turkey, Ukraine and Venezuela",N/A,Report of the United Nations Commission on International,"Trade Law on the work of its twenty-sixth session The General Assembly, Recalling its resolution 2205 (XXI) of 17 December 1966, by which it created the United Nations Commission on International Trade Law with a mandate to further the progressive harmonization and unification of the law of international trade and in that respect to bear in mind the interests of all peoples, in particular those of developing countries, in the extensive development of international trade, Reaffirming its conviction that the progressive harmonization and unification of international trade law, in reducing or removing legal obstacles to the flow of international trade, especially those affecting the developing countries, would significantly contribute to universal economic cooperation among all States on a basis of equality, equity and common interest and to the elimination of discrimination in international trade and, thereby, to the well- being of all peoples, Stressing the value of participation by States at all levels of economic development and from different legal systems in the process of harmonizing and unifying international trade law, 93-63593 (E) 151193 Having considered the report of the United Nations Commission on International Trade Law on the work of its twenty-sixth session, 1/ Mindful of the valuable contribution being rendered by the United Nations Commission on International Trade Law within the framework of the United Nations Decade of International Law, Having considered also the report of the Secretary-General, 2/ Concerned about the continuing relatively low incidence of expert representation from developing countries at sessions of the Commission and particularly of its working groups during recent years, due in part to inadequate resources to finance the travel of such experts, 1. Takes note with appreciation of the report of the United Nations Commission on International Trade Law on the work of its twenty-sixth session; 2. Welcomes the ongoing work of the Commission and appreciates the many proposals on possible future work made during the UNCITRAL Congress on International Trade Law held at New York from 18 to 22 May 1992 and, in this connection: (a) Welcomes the decision of the Commission to request the secretariat to commence work in preparation of guidelines for pre-hearing conferences in arbitral proceedings; (b) Welcomes the decision of the Commission to continue considering the other proposals made during the Congress as part of its future programme of work; 3. Reaffirms the mandate of the Commission, as the core legal body within the United Nations system in the field of international trade law, to coordinate legal activities in this field in order to avoid duplication of effort and to promote efficiency, consistency and coherence in the unification and harmonization of international trade law and, in this connection, recommends that the Commission, through its secretariat, continue to maintain close cooperation with the other intergovernmental and non-governmental organizations, including regional organizations, active in the field of international trade law; 4. Reaffirms the importance, in particular for developing countries, of the work of the Commission concerned with training and assistance in the field of international trade law and the desirability for it to sponsor seminars and symposia to provide such training and assistance, and, in this connection: 1/ Official Records of the General Assembly, Forty-eighth Session, Supplement No. 17 (A/48/17). A/48/296. (a) Expresses its appreciation to the Commission for organizing seminars in Bangkok, Thailand; Jakarta, Indonesia; Lahore, Pakistan; Colombo, Sir Lanka; Dhaka, Bangladesh; Kiev, Ukraine; Warsaw, Poland and Rogaska Slatina, Slovenia and for assisting the Pacific Economic Co-operation Council with its initiative to promote harmonization of international trade law in the Asia-Pacific region, and to the Governments whose contributions enabled the seminars to take place; (b) Urges Governments, the relevant United Nations organs, organizations, institutions and individuals to make voluntary contributions to the trust fund for the United Nations Commission on International Trade Law symposia and, where appropriate, to the financing of special projects, and otherwise to assist the secretariat of the Commission in financing and organizing seminars and symposia, in particular in developing countries, and in the award of fellowships to candidates from developing countries to enable them to participate in such seminars and symposia; (c) Appeals to the United Nations Development Programme and other United Nations bodies responsible for development assistance to support the Commission’s training and technical assistance programme and to cooperate and coordinate their activities with those of the Commission; by to to in 5. Requests the Secretary-General, in order to ensure full participation all member States in the sessions of the Commission and its working groups, establish a separate trust fund for the Commission to grant travel assistance developing countries that are members of the Commission, consultation with the Secretary-General; at their request and 6. Decides, in order to ensure full participation by all member States in the sessions of the Commission and its working groups, to continue its consideration in the competent Main Committee during the forty-eighth session of the General Assembly on granting travel assistance, within existing resources, to the least developed countries that are members of the Commission, at their request and in consultation with the Secretary-General; 7. Expresses its appreciation to the Commission for organizing the Fifth UNCITRAL Symposium on International Trade Law in Vienna from 12 to 16 July 1993 on the occasion of its twenty-sixth session; 8. Stresses the importance of bringing into effect the conventions emanating from the work of the Commission for the global unification and harmonization of international trade law and to this end invites States that have not yet done so to consider signing, ratifying or acceding to these conventions; 9. Requests the Secretary-General to submit a report on the implementation of paragraphs 5 and 6 of the present resolution to the General Assembly at its forty-ninth session.",11/15/1993,1993_176906,Kyrgyzstan,N/A,no
1993,General Assembly,Sixth Committee,Forty-eighth session,144,REPORT OF THE UNITED NATIONS COMMISSION ON INTERNATIONAL TRADE LAW ON THE WORK OF ITS TWENTY-SIXTH SESSION,"Australia, Austria, Cyprus, Kyrgyzstan, Morocco, Sweden and Thailand",N/A,United Nations Convention on the Carriage of Goods,"by Sea, 1978 (Hamburg Rules) The General Assembly, Reaffirming its conviction that the progressive harmonization and unification of international trade law, in reducing or removing legal obstacles to the flow of international trade, would significantly contribute to universal economic cooperation among all States on a basis of equality, equity and common interest and to the elimination of discrimination in international trade and, thereby, to the well-being of all peoples, Recalling the entry into force, on 1 November 1992, of the United Nations Convention on the Carriage of Goods by Sea, 1978, (Hamburg Rules), 1/ 1. Invites all States to consider becoming parties to the United Nations Convention on the Carriage of Goods by Sea, 1978, (Hamburg Rules); 2. Requests that the Secretary-General continue to make increased efforts to promote wider adherence to the Convention. 1/ Official Records of the United Nations Conference on the Carriage of Goods by Sea, Hamburg, 6-31 March 1978 (United Nations publication, Sales No. E.80.VIII.1), document A/CONF.89/13, annex I. 151193",11/15/1993,1993_176910,Kyrgyzstan,N/A,no
1993,General Assembly,Third Committee,Forty-eighth session,113,"REPORT OF THE UNITED NATIONS HIGH COMMISSIONER FOR REFUGEES, QUESTIONS RELATING TO REFUGEES, RETURNEES AND DISPLACED PERSONS AND HUMANITARIAN QUESTIONS","Afghanistan, Azerbaijan, Bangladesh, Bosnia and Herzegovina, Costa Rica, Cuba, Egypt, Ethiopia, Guinea-Bissau, Iran (Islamic Republic of), Jordan, Kazakhstan, Kuwait, Kyrgyzstan, Malaysia, Morocco, Pakistan, Republic of Moldova, Saudi Arabia, Sierra Leone, Tajikistan, Turkey, Ukraine and Yemen",N/A,Emergency international assistance to refugees and displaced persons in Azerbaijan,"The General Assembly, Recalling its relevant resolutions regarding humanitarian assistance to refugees and displaced persons, Having considered the report of the United Nations High Commissioner for Refugees, 1/ Recognizing the catalytic role the High Commissioner plays, together with the international community and development agencies, in the promotion of humanitarian aid and development with a view to finding durable and lasting solutions for refugees and displaced persons, Expressing its grave concern at the continuous deterioration of the humanitarian situation in Azerbaijan owing to the displacement of large numbers of civilians, 1/ Official Records of the General Assembly, Forty-eighth Session, Supplement No. 12 (A/48/12 and Add.1). Welcoming the efforts made by the United Nations interim office and the Office of the United Nations High Commissioner for Refugees in Azerbaijan to coordinate the needs assessment and the provision of humanitarian assistance, Welcoming the consolidated United Nations inter-agency humanitarian programme for Azerbaijan for the period 1 July 1993-31 March 1994, Expressing its appreciation to the States, intergovernmental and non-governmental organizations that have responded positively and continue to respond to the humanitarian needs of Azerbaijan, and to the Secretary-—General and United Nations bodies for mobilizing and coordinating the delivery of appropriate humanitarian assistance, Also expressing its appreciation to the Governments of the neighbouring States which provide the necessary humanitarian assistance, including the provision of accommodation and transit routes through their territories for the displaced persons from Azerbaijan, Noting with alarm that the humanitarian situation in Azerbaijan has continued to deteriorate seriously since the adoption of the Programme in June 1993, and that the number of refugees and displaced persons in Azerbaijan has recently exceeded one million, Aware that the refugees and displaced persons are in a precarious situation, facing the threat of malnutrition and disease, and that appropriate external assistance is needed for the provision of foodstuffs, medical aid and the necessary shelter for the winter, Deeply concerned about the enormous burden the massive presence of refugees and displaced persons has placed on the country’s infrastructure, Affirming the urgent need to continue international action to assist Azerbaijan in providing shelter, medication and food to the refugees and displaced persons, especially to the most vulnerable groups, 1. Welcomes with appreciation the efforts undertaken by the Secretary- General in drawing the attention of the international community to the acute problems of the Azerbaijani refugees and displaced persons and in mobilizing assistance to them; 2. Urgently appeals to all States, organizations and programmes of the United Nations, specialized agencies and other intergovernmental and non-governmental organizations to provide adequate and sufficient financial, medical and material assistance to the Azerbaijani refugees and displaced persons; 3. Invites the international financial institutions and specialized agencies, organizations and programmes of the United Nations system, where appropriate, to bring the special needs of the Azerbaijani refugees and displaced persons to the attention of their respective governing bodies for their consideration and to report on the decisions of those bodies to the Secretary-—General; 4. Invites also the Secretary-General to continue to monitor the overall situation of refugees and displaced persons in Azerbaijan and to make available his good offices as required; 5. Requests the United Nations High Commissioner for Refugees to continue her efforts with the appropriate United Nations agencies and intergovernmental, governmental and non-governmental organizations in order to consolidate and increase essential services to refugees and displaced persons in Azerbaijan; 6. Requests the Secretary-General to report to the General Assembly at its forty-ninth session on the progress made in the implementation of the present resolution.",11/19/1993,1993_177286,Kyrgyzstan,N/A,no
1993,General Assembly,Third Committee,Forty-eighth session,114 (b),"HUMAN RIGHTS QUESTIONS: HUMAN RIGHTS QUESTIONS,INCLUDING ALTERNATIVE APPROACHES FOR IMPROVINGTHE EFFECTIVE ENJOYMENT OF HUMAN RIGHTS AND FUNDAMENTAL FREEDOMS","Afghanistan, Algeria, Azerbaijan, Bosnia and Herzegovina, Croatia, Cuba, Egypt, India, Kyrgyzstan, Morocco, Sierra Leone, Sri Lanka, Macedonia, Tunisia, Peru, the former Yugoslav Republic of Turkey and Turkmenistan",N/A,Human rights and terrorism,"The General Assembly, Guided by the principles embodied in the Charter of the United Nations, the Universal Declaration of Human Rights 1/ and the International Covenants on Human Rights, 2/ Bearing in mind that the most essential and basic human right is the right to life, Recalling the Vienna Declaration and Programme of Action adopted at the World Conference on Human Rights, 3/ Reiterating that all Member States have an obligation to promote and protect human rights and fundamental freedoms, and also that every individual should strive to secure their universal and effective recognition and observance, Resolution 217 A (III). See resolution 2200 A (XXI), annex. A/CONF.157/23. Seriously concerned at the gross violations of human rights perpetrated by terrorist groups, Profoundly deploring the increasing number of innocent persons, including women, children and elderly, killed, massacred and maimed by terrorists by indiscriminate and random acts of violence and terror, which cannot be justified under any circumstances, Noting with great concern the growing connection between the terrorist groups and the illegal traffic of arms and drugs, Mindful of the need to protect human rights of and guarantees for the individual in accordance with the relevant international human rights principles and instruments, particularly the right to life, 1. Unequivocally condemns all acts, methods and practices of terrorism in all its forms and manifestations, wherever and by whomever committed, as activities aimed at the destruction of human rights, fundamental freedoms and democracy, threatening territorial integrity and security of States, destabilizing legitimately constituted Governments, undermining pluralistic civil society and having adverse consequences on the economic and social development of States; 2. Calls upon States, in accordance with international standards of human rights, to take all necessary and effective measures to prevent, combat and eliminate terrorism; 3. Urges the international community to enhance cooperation in the fight against the threat of terrorism at national, regional and international levels; 4. Requests the Secretary-General to transmit the text of the present resolution to all Member States and to relevant specialized agencies and intergovernmental organizations; 5. Decides to consider this question at its forty-ninth session under the item entitled ""Human rights questions"".",11/24/1993,1993_177379,Kyrgyzstan,N/A,no
1993,General Assembly,Second Committee,Forty-eighth session,99,IMPLEMENTATION OF DECISIONS AND RECOMMENDATIONS OF THE UNITED NATIONS CONFERENCE ON ENVIRONMENT AND DEVELOPMENT,"Armenia, Belarus, Canada, Czech Republic, Georgia, Hungary, Kazakhstan, Kyrgyzstan, Republic of Moldova, Romania, Russian Federation, Tajikistan, Turkmenistan and Ukraine",N/A,Strengthening international cooperation in the,"monitoring of global environmental problems The General Assembly, Reaffirming its resolutions 44/244 of 22 December 1989 and 46/217 of 20 December 1991 on international cooperation in the monitoring, assessment and anticipation of environmental threats and in assistance in cases of environmental emergency, Recalling the relevant provisions of Agenda 21 1/ and the Rio Declaration on Environment and Development, 2/ adopted by the United Nations Conference on Environment and Development, Taking note of decision 16/37 of 31 May 1991 of the Governing Council of the United Nations Environment Programme on early warning and forecasting of 1/ Report of the United Nations Conference on Environment and Development, Rio de Janeiro, 3-14 June 1992, vol. I, Resolutions Adopted by the Conference (United Nations publication, Sales No. E.93.1.8 and corrigendum), resolution 1, annex II. Ibid., resolution 1, annex I. 291193 environmental emergencies, 3/ and decision 17/26 of 21 May 1993 on the United Nations Centre for Urgent Environmental Assistance, 4/ Also taking note of the relevant parts of the reports of the Committee on the Peaceful Uses of Outer Space on its thirty-fifth 5/ and thirty-sixth sessions 6/ in particular, in which the Committee noted the importance of remote sensing by satellites for monitoring the Earth’s environment and, in particular, for studying and monitoring global change, Taking into account the ongoing activities of the Committee on Earth Observation Satellites in support of global environment monitoring and related applications, Bearing in mind the importance of the participation of relevant organs, specialized agencies and other organizations of the United Nations system, within their respective mandates, in Earthwatch, in particular in its environmental monitoring programmes, and the need for early warning capabilities in those programmes, Recognizing the need to make Earthwatch a more efficient instrument for environmental sensing and assessment of all elements influencing the global environment in order to ensure a balanced approach in serving, in particular, the needs of developing countries, Recognizing also the potential and importance of current available methods, technologies and techniques of monitoring, assessment and anticipation of global environmental problems, including remote sensing and monitoring from outer space, 1. Invites Governments, and relevant organizations of the United Nations system, within their respective mandates, and other relevant entities to review, as appropriate, their contribution to international cooperation in environmental monitoring, including remote sensing and evaluation from outer space, and provide appropriate support for such activities within existing resources; 2. Requests the Executive Director of the United Nations Environment Programme to prepare in collaboration with all relevant entities within and outside the United Nations system for submission to the Governing Council of the United Nations Environment Programme at its eighteenth session, a report on the Programme’s activities in environmental monitoring, containing proposals and recommendations within the context of Agenda 21 and a review of Earthwatch, 3/ Official Records of the General Assembly, Forty-sixth Session, Supplement No. 25 (A/46/25), annex. Ibid., Forty-eighth session, Supplement No. 25 (A/48/25), annex. Ibid., Forty-seventh session, Supplement No. 20 (A/47/20). Ibid., Forty-eighth session, Supplement No. 20 (A/48/20). taking into account the decisions adopted by the Governing Council of the United Nations Environment Programme at its seventeenth session; 3. Invites the Governing Council of the United Nations Environment Programme to consider the above-mentioned report at its eighteenth session and submit its conclusions and recommendations to the General Assembly at its fiftieth session, through the Economic and Social Council.",11/29/1993,1993_177547,Kyrgyzstan,N/A,no
1993,General Assembly,Third Committee,Forty-eighth session,114 (b),"HUMAN RIGHTS QUESTIONS: HUMAN RIGHTS QUESTIONS,INCLUDING ALTERNATIVE APPROACHES FOR IMPROVINGTHE EFFECTIVE ENJOYMENT OF HUMAN RIGHTS AND FUNDAMENTAL FREEDOMS","Afghanistan, Albania, Algeria, Argentina, Austria, Azerbaijan, Belarus, Chile, Comoros, Costa Rica, Czech Republic, Dominican Republic, Egypt, Guinea, India, Indonesia, Kyrgyzstan, Lebanon, Mauritania, Mauritius, Morocco, Pakistan, Peru, Philippines, Republic of Korea, Romania, Russian Federation, Senegal, the former Yugoslav Republic of Macedonia, Togo, Tunisia, and Ukraine",N/A,Turkey,"United Nations year for tolerance The General Assembly, Recalling that the Charter of the United Nations affirms in its preamble that to practice tolerance is one of the principles to be applied to attain the ends pursued by the United Nations of preventing war and maintaining peace, Recalling also that one of the purposes of the United Nations as set forth in the Charter is the achievement of international cooperation in solving international problems of an economic, social, cultural or humanitarian character and in promoting and encouraging respect for human rights and for fundamental freedoms for all without distinction as to race, sex, language or religion, Mindful of the Universal Declaration of Human Rights 1/ and of the International Covenants on Human Rights, 2/ Resolution 217 A (III). Resolution 2200 A (XXI), annex. 301193 Bearing in mind the Vienna Declaration and Programme of Action, 3/ adopted at the World Conference on Human Rights, held at Vienna from 14 to 25 June 1993, Convinced that tolerance - the recognition and appreciation of others, the ability to live together with and to listen to others - is the sound foundation of any civil society and of peace, Recalling its resolution 47/124 of 18 December 1992, in which, inter alia, it invited the Economic and Social Council to consider at its 1993 session the question of proclaiming 1995 the United Nations year for tolerance and to transmit a recommendation to the General Assembly at its forty-eighth session, Recalling also resolution 5.6 of the General Conference of the United Nations Educational, Scientific and Cultural Organization, concerning the proclamation of 1995 as the United Nations year for tolerance, 4/ Taking note of Economic and Social Council resolution 1993/57 of 29 July 1993, in which the Council recommended that the General Assembly, at its forty-eighth session, proclaim 1995 the United Nations year for tolerance, Taking into account the note of the Secretary-General, 5/ Bearing in mind its decision 35/424 of 5 December 1980 and Economic and Social Council resolution 1980/67 of 25 July 1980 concerning guidelines for international years and anniversaries, Noting that the preparation for the United Nations year for tolerance will not involve any financial implications for the United Nations, Proclaims 1995 the United Nations year for tolerance; 2. Recommends that the specialized agencies, regional commissions and other organizations of the United Nations system consider in their respective forums the contributions they could make to the success of the United Nations year for tolerance; 3. Invites the United Nations Educational, Scientific and Cultural Organization to assume the role of lead organization for the United Nations year for tolerance; 4. Calls upon all Member States to cooperate with the United Nations Educational, Scientific and Cultural Organization in the preparation of the national and international programmes for the United Nations year for tolerance A/CONF.157/24 (Part I), chap. III. A/ See United Nations Educational, Scientific and Cultural Organization, Records of the General Conference, Twenty-sixth Session, vol. 1: Resolutions. A/48/210-E/1993/89. and to participate actively in the implementation of the activities to be organized within the framework of the year; 5. Invites interested intergovernmental and non-governmental organizations to exert efforts in their respective fields to contribute adequately to the preparation of programmes for the United Nations year for tolerance; 6. Requests the United Nations Educational, Scientific and Cultural Organization to prepare, in accordance with its General Conference resolution 5.6, a declaration on tolerance; 7. Decides to include in the provisional agenda of its forty-ninth session an item entitled ""Preparation and organization of the United Nations Year for Tolerance"".",11/29/1993,1993_178132,Kyrgyzstan,N/A,no
1993,General Assembly,N/A,Forty-eighth session,42,THE SITUATION IN BOSNIA AND HERZEGOVINA,"Afghanistan, Albania, Algeria, Azerbaijan, Bahrain, Bangladesh, Bosnia and Herzegovina, Brunei Darussalam, Burkina Faso, Colombia, Comoros, Costa Rica, Djibouti, Egypt, Gambia, Guinea, Guinea- Bissau, Indonesia, Iran (Islamic Republic of), Jordan, Kuwait, Kyrgyzstan, Latvia, Lebanon, Libyan Arab Jamahiriya, Lithuania, Malaysia, Mauritania, Morocco, Niger, Oman, Pakistan, Qatar, Saudi Arabia, Senegal, Sierra Leone, Sudan, Tunisia, Turkey, United Arab Emirates and Yemen",N/A,N/A,"The General Assembly, Reaffirming its resolutions 46/242 of 25 August 1992 and 47/121 of 18 December 1992 and all relevant resolutions of the Security Council regarding the situation in the Republic of Bosnia and Herzegovina, Reaffirming once again that, as the Republic of Bosnia and Herzegovina is a sovereign, independent State and a Member of the United Nations, it is entitled to all rights provided for in the Charter of the United Nations, including the right to self-defence under Article 51 thereof, Gravely concerned that the unprovoked armed hostilities and aggression continue against the Republic of Bosnia and Herzegovina and that the relevant resolutions of the Security Council remain unimplemented, Recalling the report of the Committee on the Elimination of Racial Discrimination, 1/ in which the Committee ""notes with great concern that links existed between the Federal Republic of Yugoslavia (Serbia and Montenegro) and Serbian militias and paramilitary groups responsible for massive, gross and 1/ A/48/18. To be issued in final form as Official Records of the General Assembly, Forty-eighth Session, Supplement No. 18 (A/48/18). systematic violations of human rights in Bosnia and Herzegovina and in Croatian territories controlled by Serbs"", 2/ Condemning the continuing hostilities by the Bosnian Serbs, particularly their abhorrent policy of ""ethnic cleansing"", Alarmed also at extremist Bosnian Croat military elements for their aggressive acts against the Republic of Bosnia and Herzegovina, Alarmed at the collusion between Serbian forces and extremist Bosnian Croat elements and others to seek the dismemberment of the Republic of Bosnia and Herzegovina, in clear violation of the principles of the Charter of the United Nations, and in total disregard of the relevant resolutions of the General Assembly and those of the Security Council, Deploring the non-compliance with the relevant Security Council resolutions, especially by the Bosnian Serb Party, Recalling the principles enunciated in its resolutions and the relevant resolutions of the Security Council, as well as those adopted by the International Conference on the former Yugoslavia, Reaffirming its determination to have the Republic of Bosnia and Herzegovina maintain its independence, unity, and territorial integrity, and noting, in accordance with Article 24 of the Charter, the responsibility of the Security Council in that regard, Reaffirming its determination to prevent acts of genocide and crimes against humanity, Reaffirming once again its total and complete rejection of the acquisition of territory through the use of force and the abhorrent practice of ""ethnic cleansing"", Stressing that the continuation of aggression in Bosnia and Herzegovina is a serious impediment to the peace process, Bearing in mind the obligation of all States to act in conformity with the principles and purposes of the United Nations Charter, Stressing that the full implementation of Security Council resolutions concerning the United Nations Protected Areas in the territory of the Republic of Croatia is of significant importance for the security, territorial integrity and stability of the Republic of Bosnia and Herzegovina, Noting that the International Court of Justice in its Order of 13 September 1993 in the case concerning application of the Convention on the Prevention and Punishment of the Crime of Genocide (Bosnia and Herzegovina v. Yugoslavia (Serbia and Montenegro)) indicated as a provisional measure that ""the 2/ Ibid., para. 537. Government of the Federal Republic of Yugoslavia (Serbia and Montenegro) should immediately, in pursuance of its undertaking in the Convention on the Prevention and Punishment of the Crime of Genocide of 9 December 1948, take all measures within its power to prevent commission of the crime of genocide"", 3/ Further noting the Order of the International Court of Justice of 13 September 1993, in which it stated that ""the perilous situation demands [the] immediate and effective implementation of those [provisional] measures"", 4/ Commending the work of the Commission of Experts established pursuant to Security Council resolution 780 (1992), of 6 October 1992 and noting with interest the first and second interim reports of the Commission of Experts, 5/ Expressing its concern about the continuing siege of Sarajevo and other Bosnian cities and ""safe areas"" which endanger the well-being and safety of their inhabitants, Aware, in the context of the character of Sarajevo as a multicultural, multi-ethnic and multireligious centre, of the need to preserve its plurality and avoid its further destruction, Conscious that the grave situation in the Republic of Bosnia and Herzegovina continues to be a threat to international peace and security, 1. Reaffirms the principles enunciated in its resolutions and the relevant resolutions of the Security Council and those adopted by the International Conference on the former Yugoslavia pertaining to the Republic of Bosnia and Herzegovina; 2. Demands that all parties implement immediately, and scrupulously maintain in good faith, a cease-fire and agree to cease all hostilities throughout the Republic of Bosnia and Herzegovina, in order to create an atmosphere conducive to the resumption of peace negotiations within the framework of the International Conference on the former Yugoslavia; 3. Reaffirms that the consequences of ""ethnic cleansing"" will not be accepted by the international community and that those who have seized and by ""ethnic cleansing"" and by the use of force must relinquish those lands, in conformity with norms of international law; 3/ Order of the International Court of Justice of 13 September 1993, case concerning application of the Convention on the Prevention and Punishment of the Crime of Genocide (Bosnia and Herzegovina v. Yugoslavia (Serbia and Montenegro)), para. 37, A (1). Ibid., para. 59. S/25274 and S/26545. 4. Condemns the continued violation of the international border between the Republic of Bosnia and Herzegovina and the Republic of Croatia by Serbian forces, and thereby requests the Security Council to take all necessary measures in implementation of its resolution 769 (1992) of 9 August 1992; 5. Requests the Security Council to follow and immediately implement its resolution 838 (1993) of 10 June 1993 to ensure that the Federal Republic of Yugoslavia (Serbia and Montenegro) immediately cease the supply of military arms, equipment and services to Bosnian Serb paramilitary units, as demanded in Security Council resolution 819 (1993) of 16 April 1993; 6. Demands that the Bosnian Serb party lift forthwith the siege of Sarajevo and other ""safe areas"", as well as other besieged Bosnian towns, and urges the Secretary-General to direct the United Nations Protection Force to take necessary measures, in accordance with relevant Security Council resolutions, for the protection of the ""safe areas""; 7. Demands that, as a means of bringing about the cessation of hostilities and to facilitate delivery of humanitarian assistance, in accordance with paragraphs 5 and 9 of Security Council resolution 836 (1993) of 6 June 1993, the Bosnian Serb party withdraw all its heavy weaponry and forces to areas outside the wherefrom they cease inhabitants, and are urges all parties to city of Sarajevo and other ""safe areas"", to a distance to constitute a menace to their security and that of their to be monitored by United Nations military observers, and agree to implement further confidence-building measures; 8. Reaffirms once again the right of all refugees and displaced persons to voluntarily return to their homes in safety and dignity; 9. Commends the ongoing efforts of the Office of the United Nations High Commissioner for Refugees, the United Nations Protection Force and other international humanitarian agencies, and notes with the utmost appreciation those individuals that have shown exemplary bravery and courage, and those who have made the ultimate sacrifice in carrying out their duties; 10. Urges the Office of the United Nations High Commissioner for Refugees, as part of its humanitarian assistance programme, to provide appropriate assistance to facilitate cultural exchanges between Sarajevo and the international community and to facilitate the delivery and installation of a reliable communication system in Sarajevo for the use of the civilian population; 11. Urges the Secretary-General to take immediate action to reopen Tuzla airport in order to facilitate the receipt and distribution of international humanitarian aid, consistent with the provisions of Security Council resolution 770 (1992) of 13 August 1992; 12. Demands that all concerned facilitate the unhindered flow of humanitarian assistance, including the provision of water, electricity, fuel and communication, in particular to the ""safe areas"" in Bosnia and Herzegovina, and, in this context, urges the Security Council to implement fully its resolution 770 (1992) to ensure the free flow of humanitarian assistance, particularly, to the ""safe areas""; 13. Commends all States, and in particular the States bordering on the Federal Republic of Yugoslavia (Serbia and Montenegro) and the other Danube riparian States, for the measures they have taken to comply with the mandatory sanctions imposed by the Security Council against the Federal Republic of Yugoslavia (Serbia and Montenegro), and urges all States to continue their vigilant enforcement of those sanctions measures; 14. Condemns vigorously the violations of the human rights of the Bosnian people and of international humanitarian law committed by parties to the conflict, especially those committed as policy by Serbia and Montenegro and the Bosnian Serbs, who have done so flagrantly and on a massive scale; 15. Urges the Security Council, in fulfilling its responsibility under Article 24 of the Charter, to take all appropriate steps to uphold and restore fully the sovereignty, political independence, territorial integrity and unity of the Republic of Bosnia and Herzegovina, in cooperation with States Members of the United Nations and the Government of the Republic of Bosnia and Herzegovina; 16. Deeply alarmed by the continuing systematic abuses committed against Albanians, Bosnians, Hungarians and Croatians, and others in Kosovo, Sandzak and Vojvodina, respectively, by the authorities of Serbia and Montenegro and, in that regard, condemns the decision of those authorities not to renew the mandate of the monitoring missions of the Conference on Security and Cooperation in Europe in those regions; 17. Further urges the Security Council to give all due consideration, on an urgent basis, to exempt the Republic of Bosnia and Herzegovina from the arms embargo as imposed on the former Yugoslavia under Security Council resolution 713 (1991) of 25 September 1991; 18. Urges Member States, as well as other members of the international community, from all regions, to extend their cooperation to the Republic of Bosnia and Herzegovina in exercise of its inherent right of individual and collective self-defence in accordance with Article 51 of Chapter VII of the Charter of the United Nations; 19. Reaffirms its resolution 47/1 of 22 September 1992, and urges Member States and the Secretariat in fulfilling the spirit of resolution 47/1, to end the de facto working status of Serbia and Montenegro; 20. Requests that the International Committee of the Red Cross be granted free access to all detention camps established by the Serbs in Serbia and Montenegro and in Bosnia and Herzegovina, and to all persons imprisoned in those camps, and that all prisoners be notified of this action without delay; 21. Requests the Security Council to act immediately to close all detention camps in Bosnia and Herzegovina and further to close concentration camps established by the Serbs in Serbia and Montenegro and in Bosnia and Herzegovina and, until implementation, to assign international observers to those camps; 22. Expresses its appreciation to those States and international institutions which have provided humanitarian assistance to the people of the Republic of Bosnia and Herzegovina, and appeals to all Member States to contribute generously towards alleviating their sufferings, including assistance to refugee centres for Bosnian refugees in other countries; 23. Further affirms individual responsibility for the perpetration of crimes against humanity committed in the Republic of Bosnia and Herzegovina; 24. Welcomes the establishment of the International Tribunal constituted pursuant to Security Council resolution 827 (1993) of 25 May 1993 and encourages the provision of all resources necessary, including voluntary contributions from States, intergovernmental, and non-governmental organizations, so that it can conduct its stipulated functions of trying and punishing those responsible for the perpetration of violations of international law; 25. Encourages the Commission of Experts, in cooperation with the Prosecutor of the International Tribunal on the former Yugoslavia, to facilitate the work of the International Tribunal, including the establishment of a record of violations such as ethnic cleansing and systematic rape; 26. Requests the Secretary-General to provide the necessary resources and support for the Commission to carry out its functions; 27. Calls upon the Security Council to ensure that the proposals contained in the ""Geneva Peace package"" are in conformity with the Charter of the United Nations, the principles of international law, its previous resolutions and those adopted by the Security Council, and the principles adopted at the International Conference on the former Yugoslavia; 28. Calls for the urgent reconvening of the International Conference on the former Yugoslavia in order to arrive at just and equitable proposals for lasting peace in the Republic of Bosnia and Herzegovina and calls upon the parties to the conflict to show good faith as they continue to negotiate in order to reach a just, equitable and durable solution; 29. Requests the Secretary-General to submit a report on the implementation of the present resolution within 15 days of its adoption, as well as the report called for under the auspices of the London Conference, which, regrettably, has not yet been issued; 30. Decides to remain seized of the matter and to continue the consideration of this item.",12/16/1993,1993_178548,Kyrgyzstan,"770 (1992) to ensure the free flow of humanitarian assistance, particularly, to the ""safe areas"";",no
1993,General Assembly,N/A,Forty-eighth session,34,THE SITUATION IN THE MIDDLE EAST,"Norway, Russian Federation and United States of America",N/A,Middle East peace process,"Addendum Add the following countries to the list of sponsors of the resolution: Albania, Angola, Argentina, Armenia, Australia, Austria, Azerbaijan, Barbados, Belarus, Belgium, Benin, Bhutan, Bolivia, Bosnia and Herzegovina, Botswana, Brazil, Bulgaria, Burundi, Cambodia, Canada, Cape Verde, Central African Republic, Chile, Comoros, Congo, Costa Rica, Céte d’Ivoire, Croatia, Czech Republic, Denmark, Ecuador, Egypt, El Salvador, Estonia, Ethiopia, Fiji, Finland, Georgia, Germany, Ghana, Greece, Guatemala, Guinea, Guinea-Bissau, Haiti, Honduras, Hungary, Iceland, Ireland, Israel, Italy, Jamaica, Japan, Jordan, Kazakhstan, Kenya, Kyrgyzstan, Latvia, Lesotho, Liechtenstein, Lithuania, Luxembourg, Madagascar, Malawi, Malta, Marshall Islands, Mauritius, Micronesia (Federated States of), Mongolia, Morocco, Myanmar, Nepal, Netherlands, New Zealand, Nicaragua, Papua New Guinea, Paraguay, Peru, Philippines, Poland, Portugal, Republic of Korea, Republic of Moldova, Romania, Rwanda, Saint Vincent and the Grenadines, Samoa, San Marino, Singapore, Slovak Republic, Slovenia, Solomon Islands, Spain, Suriname, Sweden, Tajikistan, Thailand, the former Yugoslav Republic of Macedonia, Togo, Tunisia, Turkey, Turkmenistan, Ukraine, United Kingdom of Great Britain and Northern Ireland, Uruguay, Venezuela and Zambia",12/14/1993,1993_178574,Kyrgyzstan,N/A,no
1993,General Assembly,N/A,Forty-seventh session,19,ADMISSION OF NEW MEMBERS TO THE UNITED NATEONS,"Algeria, Argentina, Armenia, Australia, Austria, Azerbaijan, Bahamas, Belarus, Belgium, Benin, Bosnia and Herzegovina, Brazil, Bulgaria, Cape Verde, Chile, China, Colombia, Congo, Costa Rica, Cyprus, Democratic People's Republic of Korea, Denmark, Djibouti, Ecuador, Egypt, El Salvador, Estonia, Fiji, Finland, France, Germany, Greece, Guatemala, Hungary, Iceland ndia, Indonesia, Iran (Islamic Republic of Ireland, Israel, Italy, Japan, Jordan, Kazakhstan, Kuwait, Kyrgyzstan, Lebanon, Lithuania, Luxembourg, Madagascar, Maldives, Malta, Marshall Islands, Mexico, Micronesia Federated States of), Mongolia, Moroc Mozambique, Nepal Netherlands, New Zealand, Nicaragua, Norway, Pakistan, Panama, Paraquay, Philippines, Poland, Portugal, Republic of Korea, Republic of Moldova, Romania, Russian Federation, Singapore, Slovenia, Spain, Suriname, Sweden, Tunisia, Turkey, Ukraine, United Kingdom of Great Britain and Northern Ireland, United Republic of Tanzania, Vanuatu, Venezuela and Yemen",N/A,Admission of the Czech Republic to membership in the United Nations,"The General Assembly, Having received the recommendation of the Security Council of 8 January 1993 that the Czech Republic should be admitted to membership in the United Nations, 1/ i/ A/47/863. JA 4 & 1yg9 General Assembly Distr. LIMITED A/47/L.52 15 January 1993 ORIGINAL: ENGLISH mm ie LS NTT eaten Tian enETL eee ene yen eer tian eter] Forty-seventh session Agenda item 19 ADMISSION OF NEW MEMBERS TO THE UNITED NATEONS Algeria, Argentina, Armenia, Australia, Austria, Azerbaijan, Bahamas, Belarus, Belgium, Benin, Bosnia and Herzegovina, Brazil, Bulgaria, Cape Verde, Chile, China, Colombia, Congo, Costa Rica, Cyprus, Democratic People's Republic of Korea, Denmark, Djibouti, Ecuador, Egypt, El Salvador, Estonia, Fiji, Finland, France, Germany, Greece, Guatemala, Hungary, Iceland ndia, Indonesia, Iran (Islamic Republic of Ireland, Israel, Italy, Japan, Jordan, Kazakhstan, Kuwait, Kyrgyzstan, Lebanon, Lithuania, Luxembourg, Madagascar, Maldives, Malta, Marshall Islands, Mexico, Micronesia Federated States of), Mongolia, Moroc Mozambique, Nepal Netherlands, New Zealand, Nicaragua, Norway, Pakistan, Panama, Paraquay, Philippines, Poland, Portugal, Republic of Korea, Republic of Moldova, Romania, Russian Federation, Singapore, Slovenia, Spain, Suriname, Sweden, Tunisia, Turkey, Ukraine, United Kingdom of Great Britain and Northern Ireland, United Republic of Tanzania, Vanuatu, Venezuela and Yemen resolution Admission of the Czech Republic to membership in the United Nations The General Assembly, Having received the recommendation of the Security Council of , 8 January 1993 that the Czech Republic should be admitted to membership in the United Nations, 1/ A/47/863. line Having considered the application for membership of the Czech Republic, 2/ Decides to admit the Czech Republic to membership in the United Nations. A/47/851-S/25045.",01/15/1993,1993_185773,Kyrgyzstan,N/A,no
1993,General Assembly,N/A,Forty-seventh session,19,ADMISSION OF NEW MEMBERS TO THE UNITED NATIONS,"Algeria, Argentina, Armenia, Australia, Austria, Azerbaijan, Bahamas, Belarus, Belgium, Benin, Bosnia and Herzegovina, Brazii, Bulgaria, Cape Verde, Chile, China, Colombia, Congo, Costa Rica, Cyprus, Democratic People's Republic of Korea, Denmark, Djibouti, Ecuador, Egypt, El Salvador, Estonia, Fiji, Finland, France, Germany, Greece, Guatemala, Hungary, Icelan Indi In i Iran (Islamic Republic of Ireland, Israel, Italy, Japan, Jordan, Kazakhstan, Kuwait, Kyrgyzstan, Lebanon, Lithuania, Luxembour Madagascar Maldives, Malta, Marshall Islands, Mexico, Micronesia Federated ates of Mongolia, Morocco, Mozambique, Nepal Netherlands, New Zealand, Nicaragua, Norway, Pakistan, Panama, Paragua Philippines, Poland, Portugal, Republic of Korea, Republic of Moldova, Romania, Russian Federation, Singapore, Slovenia, Spain, Suriname, Sweden, Tunisia, Turkey, Ukraine, United Kingdom of Great Britain and Northern Ireland, United Republic of Tanzania, Vanuatu, Venezuela and Yemen",N/A,Admission of the Slovak Republic to membership in the United Nations,"The General Assembly, Having received the recommendation of the Security Council of 8 January 1993 that the Slovak Republic should be admitted to membership in the United Nations, 1l/ l/s A/47/864. Distr. LIMITED General Assembly | A/47/L.53 15 January 1993 ORIGINAL: ENGLISH ADMISSION OF NEW MEMBERS TO THE UNITED NATIONS Algeria, Argentina, Armenia, Australia, Austria, Azerbaijan, Bahamas, Belarus, Belgium, Benin, Bosnia and Herzegovina, Brazii, Bulgaria, Cape Verde, Chile, China, Colombia, Congo, Costa Rica, Cyprus, Democratic People's Republic of Korea, Denmark, Djibouti, Ecuador, Egypt, El Salvador, Estonia, Fiji, Finland, France, Germany, Greece, Guatemala, Hungary, Icelan Indi In i Iran (Islamic Republic of Ireland, Israel, Italy, Japan, Jordan, Kazakhstan, Kuwait, Kyrgyzstan, Lebanon, Lithuania, Luxembour Madagascar Maldives, Malta, Marshall Islands, Mexico, Micronesia Federated ates of Mongolia, Morocco, Mozambique, Nepal Netherlands, New Zealand, Nicaragua, Norway, Pakistan, Panama, Paragua Philippines, Poland, Portugal, Republic of Korea, Republic of Moldova, Romania, Russian Federation, Singapore, Slovenia, Spain, Suriname, Sweden, Tunisia, Turkey, Ukraine, United Kingdom of Great Britain and Northern Ireland, United Republic of Tanzania, Vanuatu, Venezuela and Yemen resolution Admission of the Slovak Republic to membershi in the United Nations The General Assembly, Having received the recommendation of the Security Council of & January 1993 that the Slovak Republic should be admitted to membership in the United Nations, 1l/ A/47/864. foes Having considered the application for membership of the Slovak Republic, 2/ Decides to admit the Slovak Republic to membership in the United Nations. A/47/852-S/25046.",01/15/1993,1993_185774,Kyrgyzstan,170193 a,no
1993,General Assembly,Second Committee,Forty-eighth session,91 (34),DEVELOPMENT AND INTERNATIONAL ECONOMIC COOPERATION: INTEGRATION OF THE ECONOMIES IN TRANSITION INTO THE WORLD ECONOMY,"Armenia, Azerbaijan, Belarus, Bulgaria, Croatia, Czech Republic, Estonia, Georgia, Kazakhstan, Krygyzstan, Latvia, Lithuania, Nicaragua, Poland, Republic of Moldova, Romania, Slovakia, Tajikistan, Russian Federation, the former Yugoslav Republic of Macedonia, Turkmenistan, Ukraine and United States of America",N/A,Integration of the economies in transition into the,"world economy The General Assembly, Reaffirming its resolutions 47/175 and 47/187 of 22 December 1992 and all its other relevant resolutions, Noting the relevant decisions of the Governing Council of the United Nations Development Programme, 1/ decision B (48) of 26 April 1993, adopted by the Economic Commission for Europe, 2/ and resolution 49/1 of 29 April 1993, adopted by the Economic and Social Commission of Asia and the Pacific, 3/ Taking note of the report of the Secretary-General concerning the role of the United Nations system in addressing problems facing countries with economies 1/ Official Records of the Economic and Social Council, 1993, Supplement No. 15 (E/1993/35), annex I. Ibid., Supplement No. 17 (E/1993/37), chap. IV. Ibid., Supplement No. 16 (E/1993/36), chap. IV. 171193 in transition, including the difficulties that those countries are encountering as they integrate their economies into the world economy, 4/ 1. Reaffirms the need for the full integration of the countries with economies in transition, as well as all other countries, into the world economy, in particular through improved market access for their exports of goods and services; such integration will support the systemic transformation of countries with economies in transition towards market-oriented policies and will, simultaneously, have a positive impact on world trade and global economic growth and development; 2. Requests the Secretary-General to strengthen - within existing resources and through appropriate arrangements within the United Nations Secretariat - the ability of the United Nations system to conduct analytical activities and provide policy advice and technical assistance to the countries with economies in transition and to promote and enhance mutual cooperation with the International Monetary Fund and the World Bank, within their respective mandates; 3. Also requests the Secretary-General to study - within the scope of the implementation of the present resolution and while continuing the existing cooperation with relevant international institutions and entities - possible areas of economic and technical cooperation among countries with economies in transition, as well as with the developing countries, identifying the role the United Nations system could play in this field, with a view to encouraging greater participation by those countries in the world economy; 4. Further requests the Secretary-General to submit to the General Assembly at its forty-ninth session, and biennially thereafter, a report on the implementation of the present resolution. A/48/317.",11/17/1993,1993_241988,Kyrgyzstan,N/A,no
1993,General Assembly,Second Committee,Forty-eighth session,105,"STRENGTHENING OF INTERNATIONAL COOPERATION AND COORDINATION OF EFFORTS TO STUDY, MITIGATE AND MINIMIZE THE CONSEQUENCES OF THE CHERNOBYL DISASTER","Barbados, Belarus, Colombia, Cyprus, Czech Republic, Hungary, Japan, Kazakhstan, Kyrgyzstan, Malaysia, Marshall Islands, Namibia, Republic of Korea, Republic of Moldova, Romania, Russian Federation, Slovakia, Turkey and Ukraine",N/A,"Strengthening of international cooperation and coordination of efforts to study, mitigate and minimize the consequences of the Chernobyl disaster","The General Assembly, Reaffirming its resolution 45/190 of 21 December 1990, 46/150 of 18 December 1991 and 47/165 of 18 December 1992, Recalling Economic and Social Council resolutions 1990/50 of 13 July 1990, 1991/51 of 26 July, 1992/38 of 30 July 1992 and decision 1993/232 of 22 and 30 July 1993, Taking note of the decisions adopted by the organs, organizations and programmes of the United Nations system in the implementation of its resolutions 45/190, 46/150 and 47/165, Noting with appreciation the contribution made by Member States and by organizations of the United Nations system in the development of cooperation to mitigate and minimize the consequences of the Chernobyl disaster, the activities of regional and other organizations, as well as bilateral activities and those of the non-governmental sector, Bearing in mind the communiqué on the meeting of the Governments of Belarus, the Russian Federation and Ukraine and the United Nations Coordinator of International Cooperation on Chernobyl, held at Minsk on 26 May 1993, 1/ Recognizing the importance of providing international support to the ongoing national efforts to mitigate and minimize the radiological, health, socio-economic, psychological and environmental consequences of the Chernobyl disaster, taking into consideration the subsequent social, economic and other changes that have occurred in the countries most affected by the Chernobyl disaster, Taking note of the report of the Secretary-General on the implementation of General Assembly resolution 47/165 and the conclusions of the analytical review of all United Nations activities to study, mitigate and minimize the consequences of the Chernobyl disaster, 2/ 1. Requests the Secretary-General to continue the activities related to the follow-up to its resolutions 45/190, 46/150 and 47/165 and, in particular, to continue to maintain close contacts with the Commission of the European Communities and regional and other relevant organizations, with a view to encouraging the regular exchange of information, cooperation, coordination and complementarity in the multilateral and bilateral efforts in those areas, while implementing programmes and specific projects; 2. Invites the Secretary-General to consider the possibility of a further exchange of information between the coordination mechanisms and Member States on the activities related to Chernobyl; 3. Requests the Secretary-General to submit to the General Assembly for consideration at its fiftieth session, under a separate agenda item, a report on the implementation of the present resolution. See A/48/406, sect. B. A/48/406.",11/17/1993,1993_241995,Kyrgyzstan,N/A,no
